Program Version:,EnergyPlus, Version 22.1.0-ed759b17ee, YMD=2022.05.23 00:39
Tabular Output Report in Format: ,Comma

Building:,Building 1
Environment:,RUN PERIOD 1 ** Chicago Ohare Intl Ap IL USA TMY3 WMO#=725300

----------------------------------------------------------------------------------------------------
REPORT:,Annual Building Utility Performance Summary
FOR:,Entire Facility
Values gathered over        24.00 hours
WARNING: THE REPORT DOES NOT REPRESENT A FULL ANNUAL SIMULATION.

Site and Source Energy

,,Total Energy [GJ],Energy Per Total Building Area [MJ/m2],Energy Per Conditioned Building Area [MJ/m2]
,Total Site Energy,0.06,1.23,1.23
,Net Site Energy,0.06,1.23,1.23
,Total Source Energy,0.22,4.34,4.34
,Net Source Energy,0.22,4.34,4.34


Site to Source Energy Conversion Factors

,,Site=>Source Conversion Factor
,Electricity,3.167
,Natural Gas,1.084
,District Cooling,1.056
,District Heating,3.613
,Steam,1.200
,Gasoline,1.050
,Diesel,1.050
,Coal,1.050
,Fuel Oil No 1,1.050
,Fuel Oil No 2,1.050
,Propane,1.050
,Other Fuel 1,1.000
,Other Fuel 2,1.000


Building Area

,,Area [m2]
,Total Building Area,50.00
,Net Conditioned Building Area,50.00
,Unconditioned Building Area,0.00


End Uses

,,Electricity [GJ],Natural Gas [GJ],Gasoline [GJ],Diesel [GJ],Coal [GJ],Fuel Oil No 1 [GJ],Fuel Oil No 2 [GJ],Propane [GJ],Other Fuel 1 [GJ],Other Fuel 2 [GJ],District Cooling [GJ],District Heating [GJ],Water [m3]
,Heating,0.00,0.00,0.00,0.00,0.00,0.00,0.00,0.00,0.00,0.00,0.00,0.05,0.00
,Cooling,0.00,0.00,0.00,0.00,0.00,0.00,0.00,0.00,0.00,0.00,0.00,0.00,0.00
,Interior Lighting,0.00,0.00,0.00,0.00,0.00,0.00,0.00,0.00,0.00,0.00,0.00,0.00,0.00
,Exterior Lighting,0.00,0.00,0.00,0.00,0.00,0.00,0.00,0.00,0.00,0.00,0.00,0.00,0.00
,Interior Equipment,0.01,0.00,0.00,0.00,0.00,0.00,0.00,0.00,0.00,0.00,0.00,0.00,0.00
,Exterior Equipment,0.00,0.00,0.00,0.00,0.00,0.00,0.00,0.00,0.00,0.00,0.00,0.00,0.00
,Fans,0.00,0.00,0.00,0.00,0.00,0.00,0.00,0.00,0.00,0.00,0.00,0.00,0.00
,Pumps,0.00,0.00,0.00,0.00,0.00,0.00,0.00,0.00,0.00,0.00,0.00,0.00,0.00
,Heat Rejection,0.00,0.00,0.00,0.00,0.00,0.00,0.00,0.00,0.00,0.00,0.00,0.00,0.00
,Humidification,0.00,0.00,0.00,0.00,0.00,0.00,0.00,0.00,0.00,0.00,0.00,0.00,0.00
,Heat Recovery,0.00,0.00,0.00,0.00,0.00,0.00,0.00,0.00,0.00,0.00,0.00,0.00,0.00
,Water Systems,0.00,0.00,0.00,0.00,0.00,0.00,0.00,0.00,0.00,0.00,0.00,0.00,0.00
,Refrigeration,0.00,0.00,0.00,0.00,0.00,0.00,0.00,0.00,0.00,0.00,0.00,0.00,0.00
,Generators,0.00,0.00,0.00,0.00,0.00,0.00,0.00,0.00,0.00,0.00,0.00,0.00,0.00
,,,,,,,,,,,,,,
,Total End Uses,0.01,0.00,0.00,0.00,0.00,0.00,0.00,0.00,0.00,0.00,0.00,0.05,0.00
Note: District heat appears to be the principal heating source based on energy usage.


End Uses By Subcategory

,,Subcategory,Electricity [GJ],Natural Gas [GJ],Gasoline [GJ],Diesel [GJ],Coal [GJ],Fuel Oil No 1 [GJ],Fuel Oil No 2 [GJ],Propane [GJ],Other Fuel 1 [GJ],Other Fuel 2 [GJ],District Cooling [GJ],District Heating [GJ],Water [m3]
,Heating,General,0.00,0.00,0.00,0.00,0.00,0.00,0.00,0.00,0.00,0.00,0.00,0.05,0.00
,Cooling,General,0.00,0.00,0.00,0.00,0.00,0.00,0.00,0.00,0.00,0.00,0.00,0.00,0.00
,Interior Lighting,General,0.00,0.00,0.00,0.00,0.00,0.00,0.00,0.00,0.00,0.00,0.00,0.00,0.00
,Exterior Lighting,General,0.00,0.00,0.00,0.00,0.00,0.00,0.00,0.00,0.00,0.00,0.00,0.00,0.00
,Interior Equipment,Electric Equipment,0.01,0.00,0.00,0.00,0.00,0.00,0.00,0.00,0.00,0.00,0.00,0.00,0.00
,Exterior Equipment,General,0.00,0.00,0.00,0.00,0.00,0.00,0.00,0.00,0.00,0.00,0.00,0.00,0.00
,Fans,General,0.00,0.00,0.00,0.00,0.00,0.00,0.00,0.00,0.00,0.00,0.00,0.00,0.00
,Pumps,General,0.00,0.00,0.00,0.00,0.00,0.00,0.00,0.00,0.00,0.00,0.00,0.00,0.00
,Heat Rejection,General,0.00,0.00,0.00,0.00,0.00,0.00,0.00,0.00,0.00,0.00,0.00,0.00,0.00
,Humidification,General,0.00,0.00,0.00,0.00,0.00,0.00,0.00,0.00,0.00,0.00,0.00,0.00,0.00
,Heat Recovery,General,0.00,0.00,0.00,0.00,0.00,0.00,0.00,0.00,0.00,0.00,0.00,0.00,0.00
,Water Systems,General,0.00,0.00,0.00,0.00,0.00,0.00,0.00,0.00,0.00,0.00,0.00,0.00,0.00
,Refrigeration,General,0.00,0.00,0.00,0.00,0.00,0.00,0.00,0.00,0.00,0.00,0.00,0.00,0.00
,Generators,General,0.00,0.00,0.00,0.00,0.00,0.00,0.00,0.00,0.00,0.00,0.00,0.00,0.00


End Uses By Space Type

,,Space Type,Electricity [GJ],Natural Gas [GJ],Gasoline [GJ],Diesel [GJ],Coal [GJ],Fuel Oil No 1 [GJ],Fuel Oil No 2 [GJ],Propane [GJ],Other Fuel 1 [GJ],Other Fuel 2 [GJ],District Cooling [GJ],District Heating [GJ],Water [m3]
,Heating,Unassigned,0.00,0.00,0.00,0.00,0.00,0.00,0.00,0.00,0.00,0.00,0.00,0.05,0.00
,Cooling,Unassigned,0.00,0.00,0.00,0.00,0.00,0.00,0.00,0.00,0.00,0.00,0.00,0.00,0.00
,Interior Lighting,GENERAL,0.00,0.00,0.00,0.00,0.00,0.00,0.00,0.00,0.00,0.00,0.00,0.00,0.00
,Exterior Lighting,Unassigned,0.00,0.00,0.00,0.00,0.00,0.00,0.00,0.00,0.00,0.00,0.00,0.00,0.00
,Interior Equipment,GENERAL,0.01,0.00,0.00,0.00,0.00,0.00,0.00,0.00,0.00,0.00,0.00,0.00,0.00
,Exterior Equipment,Unassigned,0.00,0.00,0.00,0.00,0.00,0.00,0.00,0.00,0.00,0.00,0.00,0.00,0.00
,Fans,Unassigned,0.00,0.00,0.00,0.00,0.00,0.00,0.00,0.00,0.00,0.00,0.00,0.00,0.00
,Pumps,Unassigned,0.00,0.00,0.00,0.00,0.00,0.00,0.00,0.00,0.00,0.00,0.00,0.00,0.00
,Heat Rejection,Unassigned,0.00,0.00,0.00,0.00,0.00,0.00,0.00,0.00,0.00,0.00,0.00,0.00,0.00
,Humidification,Unassigned,0.00,0.00,0.00,0.00,0.00,0.00,0.00,0.00,0.00,0.00,0.00,0.00,0.00
,Heat Recovery,Unassigned,0.00,0.00,0.00,0.00,0.00,0.00,0.00,0.00,0.00,0.00,0.00,0.00,0.00
,Water Systems,Unassigned,0.00,0.00,0.00,0.00,0.00,0.00,0.00,0.00,0.00,0.00,0.00,0.00,0.00
,Refrigeration,Unassigned,0.00,0.00,0.00,0.00,0.00,0.00,0.00,0.00,0.00,0.00,0.00,0.00,0.00
,Generators,Unassigned,0.00,0.00,0.00,0.00,0.00,0.00,0.00,0.00,0.00,0.00,0.00,0.00,0.00


Normalized Metrics
Utility Use Per Conditioned Floor Area

,,Electricity Intensity [MJ/m2],Natural Gas Intensity [MJ/m2],Gasoline Intensity [MJ/m2],Diesel Intensity [MJ/m2],Coal Intensity [MJ/m2],Fuel Oil No 1 Intensity [MJ/m2],Fuel Oil No 2 Intensity [MJ/m2],Propane Intensity [MJ/m2],Other Fuel 1 Intensity [MJ/m2],Other Fuel 2 Intensity [MJ/m2],District Cooling Intensity [MJ/m2],District Heating Intensity [MJ/m2],Water Intensity [m3/m2]
,Lighting,0.03,0.00,0.00,0.00,0.00,0.00,0.00,0.00,0.00,0.00,0.00,0.00,0.00
,HVAC,0.00,0.00,0.00,0.00,0.00,0.00,0.00,0.00,0.00,0.00,0.00,1.00,0.00
,Other,0.20,0.00,0.00,0.00,0.00,0.00,0.00,0.00,0.00,0.00,0.00,0.00,0.00
,Total,0.23,0.00,0.00,0.00,0.00,0.00,0.00,0.00,0.00,0.00,0.00,1.00,0.00


Utility Use Per Total Floor Area

,,Electricity Intensity [MJ/m2],Natural Gas Intensity [MJ/m2],Gasoline Intensity [MJ/m2],Diesel Intensity [MJ/m2],Coal Intensity [MJ/m2],Fuel Oil No 1 Intensity [MJ/m2],Fuel Oil No 2 Intensity [MJ/m2],Propane Intensity [MJ/m2],Other Fuel 1 Intensity [MJ/m2],Other Fuel 2 Intensity [MJ/m2],District Cooling Intensity [MJ/m2],District Heating Intensity [MJ/m2],Water Intensity [m3/m2]
,Lighting,0.03,0.00,0.00,0.00,0.00,0.00,0.00,0.00,0.00,0.00,0.00,0.00,0.00
,HVAC,0.00,0.00,0.00,0.00,0.00,0.00,0.00,0.00,0.00,0.00,0.00,1.00,0.00
,Other,0.20,0.00,0.00,0.00,0.00,0.00,0.00,0.00,0.00,0.00,0.00,0.00,0.00
,Total,0.23,0.00,0.00,0.00,0.00,0.00,0.00,0.00,0.00,0.00,0.00,1.00,0.00


Electric Loads Satisfied

,,Electricity [GJ],Percent Electricity [%]
,Fuel-Fired Power Generation,0.000,0.00
,High Temperature Geothermal*,0.000,0.00
,Photovoltaic Power,0.000,0.00
,Wind Power,0.000,0.00
,Power Conversion,0.000,0.00
,Net Decrease in On-Site Storage,0.000,0.00
,Total On-Site Electric Sources,0.000,0.00
,,,
,Electricity Coming From Utility,0.012,100.00
,Surplus Electricity Going To Utility,0.000,0.00
,Net Electricity From Utility,0.012,100.00
,,,
,Total On-Site and Utility Electric Sources,0.012,100.00
,Total Electricity End Uses,0.012,100.00


On-Site Thermal Sources

,,Heat [GJ],Percent Heat [%]
,Water-Side Heat Recovery,0.00,
,Air to Air Heat Recovery for Cooling,0.00,
,Air to Air Heat Recovery for Heating,0.00,
,High-Temperature Geothermal*,0.00,
,Solar Water Thermal,0.00,
,Solar Air Thermal,0.00,
,Total On-Site Thermal Sources,0.00,


Water Source Summary

,,Water [m3],Percent Water [%]
,Rainwater Collection,0.00,-
,Condensate Collection,0.00,-
,Groundwater Well,0.00,-
,Total On Site Water Sources,0.00,-
,-,-,-
,Initial Storage,0.00,-
,Final Storage,0.00,-
,Change in Storage,0.00,-
,-,-,-
,Water Supplied by Utility,0.00,-
,-,-,-
,Total On Site, Change in Storage, and Utility Water Sources,0.00,-
,Total Water End Uses,0.00,-


Setpoint Not Met Criteria

,,Degrees [deltaC]
,Tolerance for Zone Heating Setpoint Not Met Time,0.20
,Tolerance for Zone Cooling Setpoint Not Met Time,0.20


Comfort and Setpoint Not Met Summary

,,Facility [Hours]
,Time Setpoint Not Met During Occupied Heating,0.00
,Time Setpoint Not Met During Occupied Cooling,0.00
,Time Not Comfortable Based on Simple ASHRAE 55-2004,12.00


Note 1: An asterisk (*) indicates that the feature is not yet implemented.
----------------------------------------------------------------------------------------------------
REPORT:,Input Verification and Results Summary
FOR:,Entire Facility
General

,,Value
,Program Version and Build,EnergyPlus, Version 22.1.0-ed759b17ee, YMD=2022.05.23 00:39
,RunPeriod,RUN PERIOD 1
,Weather File,Chicago Ohare Intl Ap IL USA TMY3 WMO#=725300
,Latitude [deg],41.98
,Longitude [deg],-87.9
,Elevation [m],201.00
,Time Zone,-6.0
,North Axis Angle [deg],0.00
,Rotation for Appendix G [deg],0.00
,Hours Simulated [hrs],24.00


ENVELOPE
Window-Wall Ratio

,,Total,North (315 to 45 deg),East (45 to 135 deg),South (135 to 225 deg),West (225 to 315 deg)
,Gross Wall Area [m2],30.00,15.00,0.00,15.00,0.00
,Above Ground Wall Area [m2],30.00,15.00,0.00,15.00,0.00
,Window Opening Area [m2],12.00,6.00,0.00,6.00,0.00
,Gross Window-Wall Ratio [%],40.00,40.00,0.00,40.00,0.00
,Above Ground Window-Wall Ratio [%],40.00,40.00,0.00,40.00,0.00


Conditioned Window-Wall Ratio

,,Total,North (315 to 45 deg),East (45 to 135 deg),South (135 to 225 deg),West (225 to 315 deg)
,Gross Wall Area [m2],30.00,15.00,0.00,15.00,0.00
,Above Ground Wall Area [m2],30.00,15.00,0.00,15.00,0.00
,Window Opening Area [m2],12.00,6.00,0.00,6.00,0.00
,Gross Window-Wall Ratio [%],40.00,40.00,0.00,40.00,0.00
,Above Ground Window-Wall Ratio [%],40.00,40.00,0.00,40.00,0.00


Skylight-Roof Ratio

,,Total
,Gross Roof Area [m2],0.00
,Skylight Area [m2],0.00
,Skylight-Roof Ratio [%],0.00


PERFORMANCE
Zone Summary

,,Area [m2],Conditioned (Y/N),Part of Total Floor Area (Y/N),Volume [m3],Multipliers,Above Ground Gross Wall Area [m2],Underground Gross Wall Area [m2],Window Glass Area [m2],Opening Area [m2],Lighting [W/m2],People [m2 per person],Plug and Process [W/m2]
,OFFICESHOEBOX_BDC533DE,50.00,Yes,Yes,150.00,1.00,30.00,0.00,12.00,12.00,10.5486,17.70,7.6424
,Total,50.00,,,150.00,,30.00,0.00,12.00,12.00,10.5486,17.70,7.6424
,Conditioned Total,50.00,,,150.00,,30.00,0.00,12.00,12.00,10.5486,17.70,7.6424
,Unconditioned Total,0.00,,,0.00,,0.00,0.00,0.00,0.00,,,
,Not Part of Total,0.00,,,0.00,,0.00,0.00,0.00,0.00,,,


Space Summary

,,Area [m2],Conditioned (Y/N),Part of Total Floor Area (Y/N),Multipliers,Zone Name,Space Type,Radiant/Solar Enclosure Name,Lighting [W/m2],People [m2 per person],Plug and Process [W/m2],Tags
,OFFICESHOEBOX_BDC533DE,50.00,Yes,Yes,1.00,OFFICESHOEBOX_BDC533DE,GENERAL,OFFICESHOEBOX_BDC533DE,10.5486,17.70,7.6424,
,Total,50.00,,,,,,,10.5486,8.85,7.6424,
,Conditioned Total,50.00,,,,,,,10.5486,8.85,7.6424,
,Unconditioned Total,0.00,,,,,,,0.0000,0.00,0.0000,
,Not Part of Total,0.00,,,,,,,0.0000,0.00,0.0000,


Space Type Summary

,,Total Area [m2],Conditioned Area [m2],Unconditioned Area [m2],Not Part of Total Area [m2],Lighting [W/m2],People [m2 per person],Plug and Process [W/m2]
,GENERAL,50.00,50.00,0.00,0.00,10.5486,17.70,7.6424
,Total,50.00,50.00,0.00,0.00,,,


----------------------------------------------------------------------------------------------------
REPORT:,Demand End Use Components Summary
FOR:,Entire Facility
End Uses

,,Electricity [W],Natural Gas [W],Gasoline [W],Diesel [W],Coal [W],Fuel Oil No 1 [W],Fuel Oil No 2 [W],Propane [W],Other Fuel 1 [W],Other Fuel 2 [W],District Cooling [W],District Heating [W],Water [m3/s]
,Time of Peak,01-JAN-00:10,-,-,-,-,-,-,-,-,-,-,01-JAN-06:00,-
,Heating,0.00,0.00,0.00,0.00,0.00,0.00,0.00,0.00,0.00,0.00,0.00,1063.19,0.00
,Cooling,0.00,0.00,0.00,0.00,0.00,0.00,0.00,0.00,0.00,0.00,0.00,0.00,0.00
,Interior Lighting,26.37,0.00,0.00,0.00,0.00,0.00,0.00,0.00,0.00,0.00,0.00,0.00,0.00
,Exterior Lighting,0.00,0.00,0.00,0.00,0.00,0.00,0.00,0.00,0.00,0.00,0.00,0.00,0.00
,Interior Equipment,114.64,0.00,0.00,0.00,0.00,0.00,0.00,0.00,0.00,0.00,0.00,0.00,0.00
,Exterior Equipment,0.00,0.00,0.00,0.00,0.00,0.00,0.00,0.00,0.00,0.00,0.00,0.00,0.00
,Fans,0.00,0.00,0.00,0.00,0.00,0.00,0.00,0.00,0.00,0.00,0.00,0.00,0.00
,Pumps,0.00,0.00,0.00,0.00,0.00,0.00,0.00,0.00,0.00,0.00,0.00,0.00,0.00
,Heat Rejection,0.00,0.00,0.00,0.00,0.00,0.00,0.00,0.00,0.00,0.00,0.00,0.00,0.00
,Humidification,0.00,0.00,0.00,0.00,0.00,0.00,0.00,0.00,0.00,0.00,0.00,0.00,0.00
,Heat Recovery,0.00,0.00,0.00,0.00,0.00,0.00,0.00,0.00,0.00,0.00,0.00,0.00,0.00
,Water Systems,0.00,0.00,0.00,0.00,0.00,0.00,0.00,0.00,0.00,0.00,0.00,0.00,0.00
,Refrigeration,0.00,0.00,0.00,0.00,0.00,0.00,0.00,0.00,0.00,0.00,0.00,0.00,0.00
,Generators,0.00,0.00,0.00,0.00,0.00,0.00,0.00,0.00,0.00,0.00,0.00,0.00,0.00
,,,,,,,,,,,,,,
,Total End Uses,141.01,0.00,0.00,0.00,0.00,0.00,0.00,0.00,0.00,0.00,0.00,1063.19,0.00


End Uses By Subcategory

,,Subcategory,Electricity [W],Natural Gas [W],Gasoline [W],Diesel [W],Coal [W],Fuel Oil No 1 [W],Fuel Oil No 2 [W],Propane [W],Other Fuel 1 [W],Other Fuel 2 [W],District Cooling [W],District Heating [W],Water [m3/s]
,Heating,General,0.00,0.00,0.00,0.00,0.00,0.00,0.00,0.00,0.00,0.00,0.00,1063.19,0.00
,Cooling,General,0.00,0.00,0.00,0.00,0.00,0.00,0.00,0.00,0.00,0.00,0.00,0.00,0.00
,Interior Lighting,General,26.37,0.00,0.00,0.00,0.00,0.00,0.00,0.00,0.00,0.00,0.00,0.00,0.00
,Exterior Lighting,General,0.00,0.00,0.00,0.00,0.00,0.00,0.00,0.00,0.00,0.00,0.00,0.00,0.00
,Interior Equipment,Electric Equipment,114.64,0.00,0.00,0.00,0.00,0.00,0.00,0.00,0.00,0.00,0.00,0.00,0.00
,Exterior Equipment,General,0.00,0.00,0.00,0.00,0.00,0.00,0.00,0.00,0.00,0.00,0.00,0.00,0.00
,Fans,General,0.00,0.00,0.00,0.00,0.00,0.00,0.00,0.00,0.00,0.00,0.00,0.00,0.00
,Pumps,General,0.00,0.00,0.00,0.00,0.00,0.00,0.00,0.00,0.00,0.00,0.00,0.00,0.00
,Heat Rejection,General,0.00,0.00,0.00,0.00,0.00,0.00,0.00,0.00,0.00,0.00,0.00,0.00,0.00
,Humidification,General,0.00,0.00,0.00,0.00,0.00,0.00,0.00,0.00,0.00,0.00,0.00,0.00,0.00
,Heat Recovery,General,0.00,0.00,0.00,0.00,0.00,0.00,0.00,0.00,0.00,0.00,0.00,0.00,0.00
,Water Systems,General,0.00,0.00,0.00,0.00,0.00,0.00,0.00,0.00,0.00,0.00,0.00,0.00,0.00
,Refrigeration,General,0.00,0.00,0.00,0.00,0.00,0.00,0.00,0.00,0.00,0.00,0.00,0.00,0.00
,Generators,General,0.00,0.00,0.00,0.00,0.00,0.00,0.00,0.00,0.00,0.00,0.00,0.00,0.00


----------------------------------------------------------------------------------------------------
REPORT:,Source Energy End Use Components Summary
FOR:,Entire Facility
Values gathered over        24.00 hours
WARNING: THE REPORT DOES NOT REPRESENT A FULL ANNUAL SIMULATION.

Source Energy End Use Components Summary

,,Source Electricity [GJ],Source Natural Gas [GJ],Source Gasoline [GJ],Source Diesel [GJ],Source Coal [GJ],Source Fuel Oil No 1 [GJ],Source Fuel Oil No 2 [GJ],Source Propane [GJ],Source Other Fuel 1 [GJ],Source Other Fuel 2 [GJ],Source District Cooling [GJ],Source District Heating [GJ]
,Heating,0.00,0.00,0.00,0.00,0.00,0.00,0.00,0.00,0.00,0.00,0.00,0.18
,Cooling,0.00,0.00,0.00,0.00,0.00,0.00,0.00,0.00,0.00,0.00,0.00,0.00
,Interior Lighting,0.01,0.00,0.00,0.00,0.00,0.00,0.00,0.00,0.00,0.00,0.00,0.00
,Exterior Lighting,0.00,0.00,0.00,0.00,0.00,0.00,0.00,0.00,0.00,0.00,0.00,0.00
,Interior Equipment,0.03,0.00,0.00,0.00,0.00,0.00,0.00,0.00,0.00,0.00,0.00,0.00
,Exterior Equipment,0.00,0.00,0.00,0.00,0.00,0.00,0.00,0.00,0.00,0.00,0.00,0.00
,Fans,0.00,0.00,0.00,0.00,0.00,0.00,0.00,0.00,0.00,0.00,0.00,0.00
,Pumps,0.00,0.00,0.00,0.00,0.00,0.00,0.00,0.00,0.00,0.00,0.00,0.00
,Heat Rejection,0.00,0.00,0.00,0.00,0.00,0.00,0.00,0.00,0.00,0.00,0.00,0.00
,Humidification,0.00,0.00,0.00,0.00,0.00,0.00,0.00,0.00,0.00,0.00,0.00,0.00
,Heat Recovery,0.00,0.00,0.00,0.00,0.00,0.00,0.00,0.00,0.00,0.00,0.00,0.00
,Water Systems,0.00,0.00,0.00,0.00,0.00,0.00,0.00,0.00,0.00,0.00,0.00,0.00
,Refrigeration,0.00,0.00,0.00,0.00,0.00,0.00,0.00,0.00,0.00,0.00,0.00,0.00
,Generators,0.00,0.00,0.00,0.00,0.00,0.00,0.00,0.00,0.00,0.00,0.00,0.00
,,,,,,,,,,,,,
,Total Source Energy End Use Components,0.04,0.00,0.00,0.00,0.00,0.00,0.00,0.00,0.00,0.00,0.00,0.18


Normalized Metrics
Source Energy End Use Components Per Conditioned Floor Area

,,Source Electricity [MJ/m2],Source Natural Gas [MJ/m2],Source Gasoline [MJ/m2],Source Diesel [MJ/m2],Source Coal [MJ/m2],Source Fuel Oil No 1 [MJ/m2],Source Fuel Oil No 2 [MJ/m2],Source Propane [MJ/m2],Source Other Fuel 1 [MJ/m2],Source Other Fuel 2 [MJ/m2],Source District Cooling [MJ/m2],Source District Heating [MJ/m2]
,Heating,0.00,0.00,0.00,0.00,0.00,0.00,0.00,0.00,0.00,0.00,0.00,3.61
,Cooling,0.00,0.00,0.00,0.00,0.00,0.00,0.00,0.00,0.00,0.00,0.00,0.00
,Interior Lighting,0.11,0.00,0.00,0.00,0.00,0.00,0.00,0.00,0.00,0.00,0.00,0.00
,Exterior Lighting,0.00,0.00,0.00,0.00,0.00,0.00,0.00,0.00,0.00,0.00,0.00,0.00
,Interior Equipment,0.63,0.00,0.00,0.00,0.00,0.00,0.00,0.00,0.00,0.00,0.00,0.00
,Exterior Equipment,0.00,0.00,0.00,0.00,0.00,0.00,0.00,0.00,0.00,0.00,0.00,0.00
,Fans,0.00,0.00,0.00,0.00,0.00,0.00,0.00,0.00,0.00,0.00,0.00,0.00
,Pumps,0.00,0.00,0.00,0.00,0.00,0.00,0.00,0.00,0.00,0.00,0.00,0.00
,Heat Rejection,0.00,0.00,0.00,0.00,0.00,0.00,0.00,0.00,0.00,0.00,0.00,0.00
,Humidification,0.00,0.00,0.00,0.00,0.00,0.00,0.00,0.00,0.00,0.00,0.00,0.00
,Heat Recovery,0.00,0.00,0.00,0.00,0.00,0.00,0.00,0.00,0.00,0.00,0.00,0.00
,Water Systems,0.00,0.00,0.00,0.00,0.00,0.00,0.00,0.00,0.00,0.00,0.00,0.00
,Refrigeration,0.00,0.00,0.00,0.00,0.00,0.00,0.00,0.00,0.00,0.00,0.00,0.00
,Generators,0.00,0.00,0.00,0.00,0.00,0.00,0.00,0.00,0.00,0.00,0.00,0.00
,,,,,,,,,,,,,
,Total Source Energy End Use Components,0.74,0.00,0.00,0.00,0.00,0.00,0.00,0.00,0.00,0.00,0.00,3.61


Source Energy End Use Components Per Total Floor Area

,,Source Electricity [MJ/m2],Source Natural Gas [MJ/m2],Source Gasoline [MJ/m2],Source Diesel [MJ/m2],Source Coal [MJ/m2],Source Fuel Oil No 1 [MJ/m2],Source Fuel Oil No 2 [MJ/m2],Source Propane [MJ/m2],Source Other Fuel 1 [MJ/m2],Source Other Fuel 2 [MJ/m2],Source District Cooling [MJ/m2],Source District Heating [MJ/m2]
,Heating,0.00,0.00,0.00,0.00,0.00,0.00,0.00,0.00,0.00,0.00,0.00,3.61
,Cooling,0.00,0.00,0.00,0.00,0.00,0.00,0.00,0.00,0.00,0.00,0.00,0.00
,Interior Lighting,0.11,0.00,0.00,0.00,0.00,0.00,0.00,0.00,0.00,0.00,0.00,0.00
,Exterior Lighting,0.00,0.00,0.00,0.00,0.00,0.00,0.00,0.00,0.00,0.00,0.00,0.00
,Interior Equipment,0.63,0.00,0.00,0.00,0.00,0.00,0.00,0.00,0.00,0.00,0.00,0.00
,Exterior Equipment,0.00,0.00,0.00,0.00,0.00,0.00,0.00,0.00,0.00,0.00,0.00,0.00
,Fans,0.00,0.00,0.00,0.00,0.00,0.00,0.00,0.00,0.00,0.00,0.00,0.00
,Pumps,0.00,0.00,0.00,0.00,0.00,0.00,0.00,0.00,0.00,0.00,0.00,0.00
,Heat Rejection,0.00,0.00,0.00,0.00,0.00,0.00,0.00,0.00,0.00,0.00,0.00,0.00
,Humidification,0.00,0.00,0.00,0.00,0.00,0.00,0.00,0.00,0.00,0.00,0.00,0.00
,Heat Recovery,0.00,0.00,0.00,0.00,0.00,0.00,0.00,0.00,0.00,0.00,0.00,0.00
,Water Systems,0.00,0.00,0.00,0.00,0.00,0.00,0.00,0.00,0.00,0.00,0.00,0.00
,Refrigeration,0.00,0.00,0.00,0.00,0.00,0.00,0.00,0.00,0.00,0.00,0.00,0.00
,Generators,0.00,0.00,0.00,0.00,0.00,0.00,0.00,0.00,0.00,0.00,0.00,0.00
,,,,,,,,,,,,,
,Total Source Energy End Use Components,0.74,0.00,0.00,0.00,0.00,0.00,0.00,0.00,0.00,0.00,0.00,3.61


----------------------------------------------------------------------------------------------------
REPORT:,Component Sizing Summary
FOR:,Entire Facility
ZoneHVAC:IdealLoadsAirSystem

,,User-Specified Maximum Heating Air Flow Rate [m3/s],Design Size Maximum Sensible Heating Capacity [W],Design Size Maximum Cooling Air Flow Rate [m3/s],Design Size Maximum Total Cooling Capacity [W]
,OFFICESHOEBOX_BDC533DE IDEAL LOADS AIR SYSTEM,0.000000,2622.84,0.183780,2433.32
User-Specified values were used. Design Size values were used if no User-Specified values were provided.


----------------------------------------------------------------------------------------------------
REPORT:,Surface Shadowing Summary
FOR:,Entire Facility
Surfaces (Walls, Roofs, etc) that may be Shadowed by Other Surfaces

,,None


Subsurfaces (Windows and Doors) that may be Shadowed by Surfaces

,,Possible Shadow Receivers
,FACE_B9E978CE,FACE_B9E978CE_GLZ0 |
,FACE_DFF9752B,FACE_DFF9752B_GLZ0 |


----------------------------------------------------------------------------------------------------
REPORT:,Adaptive Comfort Summary
FOR:,Entire Facility
Time Not Meeting the Adaptive Comfort Models during Occupied Hours

,,ASHRAE55 90% Acceptability Limits [Hours],ASHRAE55 80% Acceptability Limits  [Hours],CEN15251 Category I Acceptability Limits [Hours],CEN15251 Category II Acceptability Limits [Hours],CEN15251 Category III Acceptability Limits [Hours]


----------------------------------------------------------------------------------------------------
REPORT:,Initialization Summary
FOR:,Entire Facility
Version

,,Version ID
,1,22.1


Timesteps per Hour

,,#TimeSteps,Minutes per TimeStep {minutes}
,1,6,10


System Convergence Limits

,,Minimum System TimeStep {minutes},Max HVAC Iterations,Minimum Plant Iterations,Maximum Plant Iterations
,1,1,20,2,8


Simulation Control

,,Do Zone Sizing,Do System Sizing,Do Plant Sizing,Do Design Days,Do Weather Simulation,Do HVAC Sizing Simulation
,1,Yes,Yes,Yes,No,Yes,No


Performance Precision Tradeoffs

,,Use Coil Direct Simulation,Zone Radiant Exchange Algorithm,Override Mode,Number of Timestep In Hour,Force Euler Method,Minimum Number of Warmup Days,Force Suppress All Begin Environment Resets,Minimum System Timestep,MaxZoneTempDiff,MaxAllowedDelTemp
,1,No,ScriptF,Normal,6,No,1,No,1.0,0.300,2.0000E-003


Output Reporting Tolerances

,,Tolerance for Time Heating Setpoint Not Met,Tolerance for Zone Cooling Setpoint Not Met Time
,1,0.200,0.200


Site:GroundTemperature:BuildingSurface

,,Jan{C},Feb{C},Mar{C},Apr{C},May{C},Jun{C},Jul{C},Aug{C},Sep{C},Oct{C},Nov{C},Dec{C}
,1,18.00,18.00,18.00,18.00,18.00,18.00,18.00,18.00,18.00,18.00,18.00,18.00


Site:GroundTemperature:FCfactorMethod

,,Jan{C},Feb{C},Mar{C},Apr{C},May{C},Jun{C},Jul{C},Aug{C},Sep{C},Oct{C},Nov{C},Dec{C}
,1,-1.89,-3.06,-0.99,2.23,10.68,17.20,21.60,22.94,20.66,15.60,8.83,2.56


Site:GroundTemperature:Shallow

,,Jan{C},Feb{C},Mar{C},Apr{C},May{C},Jun{C},Jul{C},Aug{C},Sep{C},Oct{C},Nov{C},Dec{C}
,1,13.00,13.00,13.00,13.00,13.00,13.00,13.00,13.00,13.00,13.00,13.00,13.00


Site:GroundTemperature:Deep

,,Jan{C},Feb{C},Mar{C},Apr{C},May{C},Jun{C},Jul{C},Aug{C},Sep{C},Oct{C},Nov{C},Dec{C}
,1,16.00,16.00,16.00,16.00,16.00,16.00,16.00,16.00,16.00,16.00,16.00,16.00


Site:GroundReflectance

,,Jan{dimensionless},Feb{dimensionless},Mar{dimensionless},Apr{dimensionless},May{dimensionless},Jun{dimensionless},Jul{dimensionless},Aug{dimensionless},Sep{dimensionless},Oct{dimensionless},Nov{dimensionless},Dec{dimensionless}
,1,0.20,0.20,0.20,0.20,0.20,0.20,0.20,0.20,0.20,0.20,0.20,0.20


Site:GroundReflectance:SnowModifier

,,Normal,Daylighting {dimensionless}
,1,1.000,1.000


Site:GroundReflectance:Snow

,,Jan{dimensionless},Feb{dimensionless},Mar{dimensionless},Apr{dimensionless},May{dimensionless},Jun{dimensionless},Jul{dimensionless},Aug{dimensionless},Sep{dimensionless},Oct{dimensionless},Nov{dimensionless},Dec{dimensionless}
,1,0.20,0.20,0.20,0.20,0.20,0.20,0.20,0.20,0.20,0.20,0.20,0.20


Site:GroundReflectance:Snow:Daylighting

,,Jan{dimensionless},Feb{dimensionless},Mar{dimensionless},Apr{dimensionless},May{dimensionless},Jun{dimensionless},Jul{dimensionless},Aug{dimensionless},Sep{dimensionless},Oct{dimensionless},Nov{dimensionless},Dec{dimensionless}
,1,0.20,0.20,0.20,0.20,0.20,0.20,0.20,0.20,0.20,0.20,0.20,0.20


Environment:Weather Station

,,Wind Sensor Height Above Ground {m},Wind Speed Profile Exponent {},Wind Speed Profile Boundary Layer Thickness {m},Air Temperature Sensor Height Above Ground {m},Wind Speed Modifier Coefficient-Internal,Temperature Modifier Coefficient-Internal
,1,10.000,0.140,270.000,1.500,1.586,9.750E-003


Site:Location

,,Location Name,Latitude {N+/S- Deg},Longitude {E+/W- Deg},Time Zone Number {GMT+/-},Elevation {m},Standard Pressure at Elevation {Pa},Standard RhoAir at Elevation
,1,Chicago Ohare Intl Ap IL USA TMY3 WMO#=725300,41.98,-87.92,-6.00,201.00,98934,1.1759


Site Water Mains Temperature Information

,,Calculation Method{},Water Mains Temperature Schedule Name{},Annual Average Outdoor Air Temperature{C},Maximum Difference In Monthly Average Outdoor Air Temperatures{deltaC},Fixed Default Water Mains Temperature{C}
,1,Correlation,NA,9.55,4.00,NA


Building Information

,,Building Name,North Axis {deg},Terrain,Loads Convergence Tolerance Value,Temperature Convergence Tolerance Value,Solar Distribution,Maximum Number of Warmup Days,Minimum Number of Warmup Days
,1,Building 1,0.000,City,4.00000E-002,0.40000,FullExteriorWithReflectionsFromExteriorSurfaces,25,1


Inside Convection Algorithm

,,Algorithm {Simple
,,TARP
,,CeilingDiffuser
,,AdaptiveConvectionAlgorithm}
,1,TARP


Outside Convection Algorithm

,,Algorithm {SimpleCombined
,,TARP
,,MoWitt
,,DOE-2
,,AdaptiveConvectionAlgorithm}
,1,DOE-2


Sky Radiance Distribution

,,Value {Anisotropic}
,1,Anisotropic


Zone Air Solution Algorithm

,,Value {ThirdOrderBackwardDifference
,,AnalyticalSolution
,,EulerMethod}
,1,ThirdOrderBackwardDifference


Zone Air Carbon Dioxide Balance Simulation

,,Simulation {Yes/No},Carbon Dioxide Concentration
,1,No,N/A


Zone Air Generic Contaminant Balance Simulation

,,Simulation {Yes/No},Generic Contaminant Concentration
,1,No,N/A


Zone Air Mass Flow Balance Simulation

,,Enforce Mass Balance,Adjust Zone Mixing and Return {AdjustMixingOnly,Adjust Zone Infiltration {AddInfiltration,Infiltration Zones {MixingSourceZonesOnly
,,,AdjustReturnOnly,AdjustInfiltration,AllZones}
,,,AdjustMixingThenReturn,None},
,,,AdjustReturnThenMixing,,
,,,None},,
,1,No,N/A,N/A,N/A


HVACSystemRootFindingAlgorithm

,,Value {RegulaFalsi
,,Bisection
,,BisectionThenRegulaFalsi
,,RegulaFalsiThenBisection}
,1,RegulaFalsi


Environment:Site Atmospheric Variation

,,Wind Speed Profile Exponent {},Wind Speed Profile Boundary Layer Thickness {m},Air Temperature Gradient Coefficient {K/m}
,1,0.330,460.000,6.500000E-003


Surface Geometry

,,Starting Corner,Vertex Input Direction,Coordinate System,Daylight Reference Point Coordinate System,Rectangular (Simple) Surface Coordinate System
,1,UpperLeftCorner,Counterclockwise,RelativeCoordinateSystem,RelativeCoordinateSystem,RelativeToZoneOrigin


Surface Heat Transfer Algorithm

,,Value {CTF - ConductionTransferFunction,Inside Surface Max Temperature Limit{C},Surface Convection Coefficient Lower Limit {W/m2-K},Surface Convection Coefficient Upper Limit {W/m2-K}
,,EMPD - MoisturePenetrationDepthConductionTransferFunction,,,
,,CondFD - ConductionFiniteDifference,,,
,,HAMT - CombinedHeatAndMoistureFiniteElement} - Description,,,
,1,CTF - ConductionTransferFunction,200,0.10,1000.0


Shading Summary

,,Number of Fixed Detached Shades,Number of Building Detached Shades,Number of Attached Shades
,1,0,0,0


Zone Summary

,,Number of Zones,Number of Zone Surfaces,Number of SubSurfaces
,1,1,8,2


Zone Information

,,Zone Name,North Axis {deg},Origin X-Coordinate {m},Origin Y-Coordinate {m},Origin Z-Coordinate {m},Centroid X-Coordinate {m},Centroid Y-Coordinate {m},Centroid Z-Coordinate {m},Type,Zone Multiplier,Zone List Multiplier,Minimum X {m},Maximum X {m},Minimum Y {m},Maximum Y {m},Minimum Z {m},Maximum Z {m},Ceiling Height {m},Volume {m3},Zone Inside Convection Algorithm {Simple-Detailed-CeilingDiffuser-TrombeWall},Zone Outside Convection Algorithm {Simple-Detailed-Tarp-MoWitt-DOE-2-BLAST},Floor Area {m2},Exterior Gross Wall Area {m2},Exterior Net Wall Area {m2},Exterior Window Area {m2},Number of Surfaces,Number of SubSurfaces,Number of Shading SubSurfaces,Part of Total Building Area
,1,OFFICESHOEBOX_BDC533DE,0.0,0.00,0.00,0.00,2.50,5.00,1.50,1,1,1,0.00,5.00,0.00,10.00,0.00,3.00,3.00,150.00,TARP,DOE-2,50.00,30.00,18.00,12.00,6,2,0,Yes


Zone Internal Gains Nominal

,,Zone Name,Floor Area {m2},# Occupants,Area per Occupant {m2/person},Occupant per Area {person/m2},Interior Lighting {W/m2},Electric Load {W/m2},Gas Load {W/m2},Other Load {W/m2},Hot Water Eq {W/m2},Steam Equipment {W/m2},Sum Loads per Area {W/m2},Outdoor Controlled Baseboard Heat
,1,OFFICESHOEBOX_BDC533DE,50.00,2.8,17.696,5.651E-002,10.549,7.642,0.000,0.000,0.000,0.000,18.191,No


People Internal Gains Nominal

,,Name,Schedule Name,Zone Name,Zone Floor Area {m2},# Zone Occupants,Number of People {},People/Floor Area {person/m2},Floor Area per person {m2/person},Fraction Radiant,Fraction Convected,Sensible Fraction Calculation,Activity level,ASHRAE 55 Warnings,Carbon Dioxide Generation Rate,Nominal Minimum Number of People,Nominal Maximum Number of People
,1,OFFICESHOEBOX_BDC533DE 2013::LARGEOFFICE::OPENOFFICE_PEOPLE,OFFICELARGE BLDG_OCC_SCH,OFFICESHOEBOX_BDC533DE,50.00,2.8,2.8,5.651E-002,17.696,0.300,0.700,AutoCalculate,OFFICEMEDIUM ACTIVITY_SCH,No,3.8200E-008,0,3


Lights Internal Gains Nominal

,,Name,Schedule Name,Zone Name,Zone Floor Area {m2},# Zone Occupants,Lighting Level {W},Lights/Floor Area {W/m2},Lights per person {W/person},Fraction Return Air,Fraction Radiant,Fraction Short Wave,Fraction Convected,Fraction Replaceable,End-Use Category,Nominal Minimum Lighting Level {W},Nominal Maximum Lighting Level {W}
,1,OFFICESHOEBOX_BDC533DE 2013::LARGEOFFICE::OPENOFFICE_LIGHTING,OFFICELARGE BLDG_LIGHT_SCH_2013,OFFICESHOEBOX_BDC533DE,50.00,2.8,527.431,10.549,186.666,0.400,0.400,0.200,0.000,1.000,General,0.000,527.431


ElectricEquipment Internal Gains Nominal

,,Name,Schedule Name,Zone Name,Zone Floor Area {m2},# Zone Occupants,Equipment Level {W},Equipment/Floor Area {W/m2},Equipment per person {W/person},Fraction Latent,Fraction Radiant,Fraction Lost,Fraction Convected,End-Use SubCategory,Nominal Minimum Equipment Level {W},Nominal Maximum Equipment Level {W}
,1,OFFICESHOEBOX_BDC533DE 2013::LARGEOFFICE::OPENOFFICE_ELECTRIC,OFFICELARGE BLDG_EQUIP_SCH,OFFICESHOEBOX_BDC533DE,50.00,2.8,382.118,7.642,135.238,0.000,0.500,0.000,0.500,Electric Equipment,0.000,382.118


Shadowing/Sun Position Calculations Annual Simulations

,,Shading Calculation Method,Shading Calculation Update Frequency Method,Shading Calculation Update Frequency {days},Maximum Figures in Shadow Overlap Calculations {},Polygon Clipping Algorithm,Pixel Counting Resolution,Sky Diffuse Modeling Algorithm,Output External Shading Calculation Results,Disable Self-Shading Within Shading Zone Groups,Disable Self-Shading From Shading Zone Groups to Other Zones
,1,PolygonClipping,Periodic,30,15000,SutherlandHodgman,512,SimpleSkyDiffuseModeling,No,No,No


Enclosure/Window Adjacency Daylighting Counts

,,Enclosure Name,Number of Exterior Windows,Number of Exterior Windows in Adjacent Enclosures
,1,OFFICESHOEBOX_BDC533DE,2,0


Enclosure/Window Adjacency Daylighting Matrix

,,Enclosure Name,Number of Adjacent Enclosures with Windows,Adjacent Enclosure Names - 1st 100 (max)
,1,OFFICESHOEBOX_BDC533DE,0,


ZoneInfiltration Airflow Stats Nominal

,,Name,Schedule Name,Zone Name,Zone Floor Area {m2},# Zone Occupants,Design Volume Flow Rate {m3/s},Volume Flow Rate/Floor Area {m3/s-m2},Volume Flow Rate/Exterior Surface Area {m3/s-m2},ACH - Air Changes per Hour,Equation A - Constant Term Coefficient {},Equation B - Temperature Term Coefficient {1/C},Equation C - Velocity Term Coefficient {s/m},Equation D - Velocity Squared Term Coefficient {s2/m2}
,1,OFFICESHOEBOX_BDC533DE 2013::LARGEOFFICE::OPENOFFICE_INFILTRATION,OFFICELARGE INFIL_SCH_PNNL,OFFICESHOEBOX_BDC533DE,50.00,2.8,1.667E-002,3.333E-004,5.556E-004,0.400,1.000,0.000,0.000,0.000


AirFlow Model

,,Simple
,1,Simple


RoomAir Model

,,Zone Name,Mixing/Mundt/UCSDDV/UCSDCV/UCSDUFI/UCSDUFE/User Defined
,1,OFFICESHOEBOX_BDC533DE,Mixing/Well-Stirred


AirflowNetwork Model:Control

,,No Multizone or Distribution/Multizone with Distribution/Multizone without Distribution/Multizone with Distribution only during Fan Operation
,1,NoMultizoneOrDistribution


Zone Volume Capacitance Multiplier

,,Sensible Heat Capacity Multiplier,Moisture Capacity Multiplier,Carbon Dioxide Capacity Multiplier,Generic Contaminant Capacity Multiplier
,1,1.000,1.000,1.000,1.000


Load Timesteps in Zone Design Calculation Averaging Window

,,Value
,1,6


Heating Sizing Factor Information

,,Sizing Factor ID,Value
,1,Global,1.2500
,2,Zone OFFICESHOEBOX_BDC533DE,1.2500


Cooling Sizing Factor Information

,,Sizing Factor ID,Value
,1,Global,1.1500
,2,Zone OFFICESHOEBOX_BDC533DE,1.1500


Sky Daylight Factors

,,Sky Type,MonthAndDay,Daylighting Control Name,Enclosure Name,Window Name,Reference Point,Daylight Factor
,1,Clear Sky,07/21,OFFICESHOEBOX_BDC533DE DAYLIGHTINGCONTROLS,OFFICESHOEBOX_BDC533DE,FACE_B9E978CE_GLZ0,OFFICESHOEBOX_BDC533DE_SPACE_DAYLIGHTING,7.7885E-003
,2,Clear Turbid Sky,07/21,OFFICESHOEBOX_BDC533DE DAYLIGHTINGCONTROLS,OFFICESHOEBOX_BDC533DE,FACE_B9E978CE_GLZ0,OFFICESHOEBOX_BDC533DE_SPACE_DAYLIGHTING,7.2962E-003
,3,Intermediate Sky,07/21,OFFICESHOEBOX_BDC533DE DAYLIGHTINGCONTROLS,OFFICESHOEBOX_BDC533DE,FACE_B9E978CE_GLZ0,OFFICESHOEBOX_BDC533DE_SPACE_DAYLIGHTING,5.4501E-003
,4,Overcast Sky,07/21,OFFICESHOEBOX_BDC533DE DAYLIGHTINGCONTROLS,OFFICESHOEBOX_BDC533DE,FACE_B9E978CE_GLZ0,OFFICESHOEBOX_BDC533DE_SPACE_DAYLIGHTING,4.5630E-003
,5,Clear Sky,07/21,OFFICESHOEBOX_BDC533DE DAYLIGHTINGCONTROLS,OFFICESHOEBOX_BDC533DE,FACE_DFF9752B_GLZ0,OFFICESHOEBOX_BDC533DE_SPACE_DAYLIGHTING,5.0586E-003
,6,Clear Turbid Sky,07/21,OFFICESHOEBOX_BDC533DE DAYLIGHTINGCONTROLS,OFFICESHOEBOX_BDC533DE,FACE_DFF9752B_GLZ0,OFFICESHOEBOX_BDC533DE_SPACE_DAYLIGHTING,4.1864E-003
,7,Intermediate Sky,07/21,OFFICESHOEBOX_BDC533DE DAYLIGHTINGCONTROLS,OFFICESHOEBOX_BDC533DE,FACE_DFF9752B_GLZ0,OFFICESHOEBOX_BDC533DE_SPACE_DAYLIGHTING,2.6987E-003
,8,Overcast Sky,07/21,OFFICESHOEBOX_BDC533DE DAYLIGHTINGCONTROLS,OFFICESHOEBOX_BDC533DE,FACE_DFF9752B_GLZ0,OFFICESHOEBOX_BDC533DE_SPACE_DAYLIGHTING,4.5630E-003


Zone Sizing Information

,,Zone Name,Load Type,Calc Des Load {W},User Des Load {W},Calc Des Air Flow Rate {m3/s},User Des Air Flow Rate {m3/s},Design Day Name,Date/Time of Peak,Temperature at Peak {C},Humidity Ratio at Peak {kgWater/kgDryAir},Floor Area {m2},# Occupants,Calc Outdoor Air Flow Rate {m3/s},Calc DOAS Heat Addition Rate {W}
,1,OFFICESHOEBOX_BDC533DE,Cooling,1917.64453,2205.29121,0.15981,0.18378,BOSTON LOGAN INTL ARPT ANN CLG .4% CONDNS DB=>MWB,7/21 13:40:00,32.56000,1.35674E-002,50.00000,2.82553,0.00000,0.00000
,2,OFFICESHOEBOX_BDC533DE,Heating,2112.18834,2640.23543,9.20937E-002,0.11512,BOSTON LOGAN INTL ARPT ANN HTG 99.6% CONDNS DB,1/21 08:00:00,-13.60000,1.15677E-003,50.00000,2.82553,0.00000,0.00000


Component Sizing Information

,,Component Type,Component Name,Input Field Description,Value
,1,ZoneHVAC:IdealLoadsAirSystem,OFFICESHOEBOX_BDC533DE IDEAL LOADS AIR SYSTEM,User-Specified Maximum Heating Air Flow Rate [m3/s],0.00000
,2,ZoneHVAC:IdealLoadsAirSystem,OFFICESHOEBOX_BDC533DE IDEAL LOADS AIR SYSTEM,Design Size Maximum Sensible Heating Capacity [W],2622.84249
,3,ZoneHVAC:IdealLoadsAirSystem,OFFICESHOEBOX_BDC533DE IDEAL LOADS AIR SYSTEM,Design Size Maximum Cooling Air Flow Rate [m3/s],0.18378
,4,ZoneHVAC:IdealLoadsAirSystem,OFFICESHOEBOX_BDC533DE IDEAL LOADS AIR SYSTEM,Design Size Maximum Total Cooling Capacity [W],2433.31774


Environment

,,Environment Name,Environment Type,Start Date,End Date,Start DayOfWeek,Duration {#days},Source:Start DayOfWeek,Use Daylight Saving,Use Holidays,Apply Weekend Holiday Rule,Use Rain Values,Use Snow Values,Sky Temperature Model
,1,RUN PERIOD 1,WeatherFileRunPeriod,01/01/2006,01/01/2006,Sunday,1,Use RunPeriod Specified Day,No,No,No,Yes,Yes,Clark and Allen


Environment:Daylight Saving

,,Daylight Saving Indicator,Source,Start Date,End Date
,1,No,RunPeriod Object,,


Environment:WarmupDays

,,NumberofWarmupDays
,1,4


Warmup Convergence Information

,,Zone Name,Environment Type/Name,Average Warmup Temperature Difference {deltaC},Std Dev Warmup Temperature Difference {deltaC},Max Temperature Pass/Fail Convergence,Min Temperature Pass/Fail Convergence,Average Warmup Load Difference {W},Std Dev Warmup Load Difference {W},Heating Load Pass/Fail Convergence,Cooling Load Pass/Fail Convergence
,1,OFFICESHOEBOX_BDC533DE,RunPeriod: RUN PERIOD 1,1.8750433305E-015,1.7107239895E-015,Pass,Pass,6.2483886651E-002,0.1353581642,Pass,Pass


----------------------------------------------------------------------------------------------------
REPORT:,Annual Heat Emissions Summary
FOR:,Entire Facility
Heat Emission by Components

,,Envelope Convection,Zone Exfiltration,Zone Exhaust Air,HVAC Relief Air,HVAC Reject Heat,Total
,Heat Emissions [GJ],0.06,0.04,0.00,0.00,0.00,0.10


----------------------------------------------------------------------------------------------------
REPORT:,Climatic Data Summary
FOR:,Entire Facility
SizingPeriod:DesignDay

,,Maximum Dry Bulb [C],Daily Temperature Range [deltaC],Humidity Value,Humidity Type,Wind Speed [m/s],Wind Direction
,BOSTON LOGAN INTL ARPT ANN CLG .4% CONDNS DB=>MWB,32.70,8.40,22.90,Wetbulb [C],6.30,270.00
,BOSTON LOGAN INTL ARPT ANN CLG .4% CONDNS DP=>MDB,27.30,8.40,22.80,Dewpoint [C],6.30,270.00
,BOSTON LOGAN INTL ARPT ANN CLG .4% CONDNS ENTH=>MDB,30.60,8.40,74100.00,Enthalpy [J/kg],6.30,270.00
,BOSTON LOGAN INTL ARPT ANN CLG .4% CONDNS WB=>MDB,30.20,8.40,24.60,Wetbulb [C],6.30,270.00
,BOSTON LOGAN INTL ARPT ANN HTG 99.6% CONDNS DB,-13.60,0.00,-13.60,Wetbulb [C],7.20,320.00
,BOSTON LOGAN INTL ARPT ANN HTG WIND 99.6% CONDNS WS=>MCDB,2.10,0.00,2.10,Wetbulb [C],14.10,320.00
,BOSTON LOGAN INTL ARPT ANN HUM_N 99.6% CONDNS DP=>MCDB,-12.00,0.00,-24.40,Dewpoint [C],7.20,320.00


Monthly Precipitation Summary

,,Monthly Total Precipitation from .epw [mm],Monthly Total Hours of Rain from .epw,Monthly Total Precipitation in Site:Precipitation [mm],Monthly Total Roof Irrigation Depth [mm],Monthly Total Rain Collection Volume [m3]
,Jan,0.00,0,,,
,Feb,0.00,0,,,
,Mar,0.00,0,,,
,Apr,0.00,0,,,
,May,0.00,0,,,
,Jun,0.00,0,,,
,Jul,0.00,0,,,
,Aug,0.00,0,,,
,Sep,0.00,0,,,
,Oct,0.00,0,,,
,Nov,0.00,0,,,
,Dec,0.00,0,,,


Weather Statistics File

,,Value
,Reference,USA_IL_Chicago-OHare.Intl.AP.725300_TMY3
,Site:Location,Chicago Ohare Intl Ap IL USA
,Latitude,{N 41° 58'}
,Longitude,{W  87° 55'}
,Time Zone,{GMT -6.0 Hours}
,Elevation (m) above sea level,201
,Standard Pressure at Elevation,98934Pa
,Data Source,TMY3
,WMO Station,725300
,Weather File Design Conditions,Climate Design Data 2009 ASHRAE Handbook
,Heating Design Temperature 99.6% (C),-20Â°
,Heating Design Temperature 99% (C),-16.6Â°
,Cooling Design Temperature 0.4% (C),33.3Â°
,Cooling Design Temperature 1% (C),31.6Â°
,Cooling Design Temperature 2% (C),30.1Â°
,Maximum Dry Bulb Temperature (C),35.0Â°
,Maximum Dry Bulb Occurs on,Jul 19
,Minimum Dry Bulb Temperature (C),-22.8Â°
,Minimum Dry Bulb Occurs on,Jan  7
,Maximum Dew Point Temperature (C),25.6Â°
,Maximum Dew Point Occurs on,Aug  4
,Minimum Dew Point Temperature (C),-28.3Â°
,Minimum Dew Point Occurs on,Jan 27
,Annual Total Precipitation [mm],46
,Max Hourly Precipitation [mm],6
,Max Hourly Precipitation Occurs in,Apr
,ASHRAE Handbook 2009  Cooling Degree-Days (base 10Â°C),1689
,Weather File Cooling Degree-Days (base 10Â°C),1743
,ASHRAE Handbook 2009 Heating Degree-Days (base 18.3Â°C),3506
,Weather File Heating Degree-Days (base 18Â°C),3430
,KÃ¶ppen Classification,Dfa
,KÃ¶ppen Description,Humid continental (hot summer, cold winter, no dry season, lat. 30-60°N)
,KÃ¶ppen Recommendation,Unbearably humid periods in summer, but passive cooling is possible
,ASHRAE Climate Zone,5A
,ASHRAE Description,Cool-Humid


----------------------------------------------------------------------------------------------------
REPORT:,Envelope Summary
FOR:,Entire Facility
Opaque Exterior

,,Construction,Reflectance,U-Factor with Film [W/m2-K],U-Factor no Film [W/m2-K],Gross Area [m2],Net Area [m2],Azimuth [deg],Tilt [deg],Cardinal Direction
,FACE_B9E978CE,TYPICAL INSULATED STEEL FRAMED EXTERIOR WALL-R19,0.30,0.296,0.310,15.00,9.00,180.00,90.00,S
,FACE_DFF9752B,TYPICAL INSULATED STEEL FRAMED EXTERIOR WALL-R19,0.30,0.296,0.310,15.00,9.00,0.00,90.00,N


Opaque Interior

,,Construction,Reflectance,U-Factor with Film [W/m2-K],U-Factor no Film [W/m2-K],Gross Area [m2],Net Area [m2],Azimuth [deg],Tilt [deg],Cardinal Direction
,FACE_321C8C92_0,GENERIC INTERIOR WALL,0.50,1.824,3.240,30.00,30.00,90.00,90.00,E
,FACE_321C8C92_1,GENERIC INTERIOR WALL,0.50,1.824,3.240,30.00,30.00,270.00,90.00,W
,FACE_321C8C92_2,GENERIC INTERIOR FLOOR,0.80,0.975,1.425,50.00,50.00,0.00,180.00,
,FACE_321C8C92_3,GENERIC INTERIOR CEILING,0.20,1.091,1.425,50.00,50.00,180.00,0.00,


Exterior Fenestration

,,Construction,Frame and Divider,Glass Area [m2],Frame Area [m2],Divider Area [m2],Area of One Opening [m2],Area of Multiplied Openings [m2],Glass U-Factor [W/m2-K],Glass SHGC,Glass Visible Transmittance,Frame Conductance [W/m2-K],Divider Conductance [W/m2-K],NFRC Product Type,Assembly U-Factor [W/m2-K],Assembly SHGC,Assembly Visible Transmittance,Shade Control,Parent Surface,Azimuth [deg],Tilt [deg],Cardinal Direction
,FACE_B9E978CE_GLZ0,U 0.48 SHGC 0.40 DBL REF-D CLR 6MM/13MM,,6.00,0.00,0.00,6.00,6.00,2.653,0.426,0.308,,,,,,,No,FACE_B9E978CE,180.00,90.00,S
,FACE_DFF9752B_GLZ0,U 0.48 SHGC 0.40 DBL REF-D CLR 6MM/13MM,,6.00,0.00,0.00,6.00,6.00,2.653,0.426,0.308,,,,,,,No,FACE_DFF9752B,0.00,90.00,N
,Total or Average,,,,,,,12.00,2.653,0.426,0.308,,,,,,,,,,,
,North Total or Average,,,,,,,6.00,2.653,0.426,0.308,,,,,,,,,,,
,Non-North Total or Average,,,,,,,6.00,2.653,0.426,0.308,,,,,,,,,,,


Exterior Fenestration Shaded State

,,Frame and Divider,Glass U-Factor [W/m2-K],Glass SHGC,Glass Visible Transmittance,NFRC Product Type,Assembly U-Factor [W/m2-K],Assembly SHGC,Assembly Visible Transmittance
,None,,,,,,,,


Interior Fenestration

,,Construction,Area of One Opening [m2],Area of Openings [m2],Glass U-Factor [W/m2-K],Glass SHGC,Glass Visible Transmittance
,Total or Average,,,0.00,-,-,-


Exterior Door

,,Construction,U-Factor with Film [W/m2-K],U-Factor no Film [W/m2-K],Gross Area [m2],Parent Surface
,None,,,,,


Interior Door

,,Construction,U-Factor with Film [W/m2-K],U-Factor no Film [W/m2-K],Gross Area [m2],Parent Surface
,None,,,,,


----------------------------------------------------------------------------------------------------
REPORT:,Shading Summary
FOR:,Entire Facility
Sunlit Fraction

,,March 21 9am,March 21 noon,March 21 3pm,June 21 9am,June 21 noon,June 21 3pm,December 21 9am,December 21 noon,December 21 3pm
,None,,,,,,,,,


Window Control

,,Name,Type,Shaded Construction,Control,Glare Control
,None,,,,,


----------------------------------------------------------------------------------------------------
REPORT:,Lighting Summary
FOR:,Entire Facility
Interior Lighting

,,Zone Name,Space Name,Space Type,Lighting Power Density [W/m2],Space Area [m2],Total Power [W],End Use Subcategory,Schedule Name,Scheduled Hours/Week [hr],Hours/Week > 1% [hr],Full Load Hours/Week [hr],Return Air Fraction,Conditioned (Y/N),Consumption [GJ]
,OFFICESHOEBOX_BDC533DE 2013::LARGEOFFICE::OPENOFFICE_LIGHTING,OFFICESHOEBOX_BDC533DE,OFFICESHOEBOX_BDC533DE,GENERAL,10.5486,50.00,527.43,General,OFFICELARGE BLDG_LIGHT_SCH_2013,51.32,166.83,6.32,0.4000,Y,0.00
,Interior Lighting Total,,,,10.5486,50.00,527.43,,,,,,,,0.00


Daylighting

,,Zone,Control Name,Daylighting Method,Control Type,Fraction Controlled,Lighting Installed in Zone [W],Lighting Controlled [W]
,OFFICESHOEBOX_BDC533DE_SPACE_DAYLIGHTING,OFFICESHOEBOX_BDC533DE,OFFICESHOEBOX_BDC533DE DAYLIGHTINGCONTROLS,SplitFlux,Continuous,1.00,527.43,527.43


Exterior Lighting

,,Total Watts,Astronomical Clock/Schedule,Schedule Name,Scheduled Hours/Week [hr],Hours/Week > 1% [hr],Full Load Hours/Week [hr],Consumption [GJ]
,Exterior Lighting Total,0.00,,,,,,0.00


----------------------------------------------------------------------------------------------------
REPORT:,Equipment Summary
FOR:,Entire Facility
Central Plant

,,Type,Reference Capacity [W],Reference Efficiency [W/W],Rated Capacity [W],Rated Efficiency [W/W],IPLV in SI Units [W/W],IPLV in IP Units [Btu/W-h]
,None,,,,,,,


Cooling Coils

,,Type,Design Coil Load [W],Nominal Total Capacity [W],Nominal Sensible Capacity [W],Nominal Latent Capacity [W],Nominal Sensible Heat Ratio,Nominal Efficiency [W/W],Nominal Coil UA Value [W/C],Nominal Coil Surface Area [m2]
,None,,,,,,,,,


DX Cooling Coils

,,DX Cooling Coil Type,Standard Rated Net Cooling Capacity [W],Standard Rated Net COP [W/W],EER [Btu/W-h],SEER User [Btu/W-h],SEER Standard [Btu/W-h],IEER [Btu/W-h]
,None,,,,,,,


DX Cooling Coil ASHRAE 127 Standard Ratings Report

,,DX Cooling Coil Type,Rated Net Cooling Capacity Test A [W],Rated Electric Power Test A [W],Rated Net Cooling Capacity Test B [W],Rated Electric Power Test B [W],Rated Net Cooling Capacity Test C [W],Rated Electric Power Test C [W],Rated Net Cooling Capacity Test D [W],Rated Electric Power Test D [W]
,None,,,,,,,,,


DX Heating Coils

,,DX Heating Coil Type,High Temperature Heating (net) Rating Capacity [W],Low Temperature Heating (net) Rating Capacity [W],HSPF [Btu/W-h],Region Number
,None,,,,,


Heating Coils

,,Type,Design Coil Load [W],Nominal Total Capacity [W],Nominal Efficiency [W/W]
,None,,,,


Fans

,,Type,Total Efficiency [W/W],Delta Pressure [pa],Max Air Flow Rate [m3/s],Rated Electricity Rate [W],Rated Power Per Max Air Flow Rate [W-s/m3],Motor Heat In Air Fraction,Fan Energy Index,End Use Subcategory,Design Day Name for Fan Sizing Peak,Date/Time for Fan Sizing Peak
,None,,,,,,,,,,,


Pumps

,,Type,Control,Head [pa],Water Flow [m3/s],Electricity Rate [W],Power Per Water Flow Rate [W-s/m3],Motor Efficiency [W/W],End Use Subcategory
,None,,,,,,,,


Service Water Heating

,,Type,Storage Volume [m3],Input [W],Thermal Efficiency [W/W],Recovery Efficiency [W/W],Energy Factor
,None,,,,,,


----------------------------------------------------------------------------------------------------
REPORT:,HVAC Sizing Summary
FOR:,Entire Facility
Zone Sensible Cooling

,,Calculated Design Load [W],User Design Load [W],User Design Load per Area [W/m2],Calculated Design Air Flow [m3/s],User Design Air Flow [m3/s],Design Day Name,Date/Time Of Peak {TIMESTAMP},Thermostat Setpoint Temperature at Peak Load [C],Indoor Temperature at Peak Load [C],Indoor Humidity Ratio at Peak Load [kgWater/kgDryAir],Outdoor Temperature at Peak Load [C],Outdoor Humidity Ratio at Peak Load [kgWater/kgDryAir],Minimum Outdoor Air Flow Rate [m3/s],Heat Gain Rate from DOAS [W]
,OFFICESHOEBOX_BDC533DE,1917.64,2205.29,44.11,0.160,0.184,BOSTON LOGAN INTL ARPT ANN CLG .4% CONDNS DB=>MWB,7/21 13:40:00,24.00,24.00,0.00891,32.56,0.01357,0.000,0.00
The Design Load is the zone sensible load only. It does not include any system effects or ventilation loads.


Zone Sensible Heating

,,Calculated Design Load [W],User Design Load [W],User Design Load per Area [W/m2],Calculated Design Air Flow [m3/s],User Design Air Flow [m3/s],Design Day Name,Date/Time Of Peak {TIMESTAMP},Thermostat Setpoint Temperature at Peak Load [C],Indoor Temperature at Peak Load [C],Indoor Humidity Ratio at Peak Load [kgWater/kgDryAir],Outdoor Temperature at Peak Load [C],Outdoor Humidity Ratio at Peak Load [kgWater/kgDryAir],Minimum Outdoor Air Flow Rate [m3/s],Heat Gain Rate from DOAS [W]
,OFFICESHOEBOX_BDC533DE,2112.19,2640.24,52.80,0.092,0.115,BOSTON LOGAN INTL ARPT ANN HTG 99.6% CONDNS DB,1/21 08:00:00,21.00,21.00,0.00762,-13.60,0.00116,0.000,0.00
The Design Load is the zone sensible load only. It does not include any system effects or ventilation loads.


System Design Air Flow Rates

,,Calculated cooling [m3/s],User cooling [m3/s],Calculated heating [m3/s],User heating [m3/s],Adjusted cooling [m3/s],Adjusted heating [m3/s],Adjusted main [m3/s],Calculated Heating Air Flow Ratio [],User Heating Air Flow Ratio []
,None,,,,,,,,,


Plant Loop Coincident Design Fluid Flow Rate Adjustments

,,Previous Design Volume Flow Rate [m3/s],Algorithm Volume Flow Rate [m3/s],Coincident Design Volume Flow Rate [m3/s],Coincident Size Adjusted,Peak Sizing Period Name,Peak Day into Period {TIMESTAMP}[day],Peak Hour Of Day {TIMESTAMP}[hr],Peak Step Start Minute {TIMESTAMP}[min]
,None,,,,,,,,


Coil Sizing Summary

,,Coil Type,HVAC Type,HVAC Name,Coil Final Gross Total Capacity [W],Coil Final Gross Sensible Capacity [W],Coil Final Reference Air Volume Flow Rate [m3/s],Coil Final Reference Plant Fluid Volume Flow Rate [m3/s],Coil U-value Times Area Value [W/K],Design Day Name at Sensible Ideal Loads Peak,Date/Time at Sensible Ideal Loads Peak,Design Day Name at Air Flow Ideal Loads Peak,Date/Time at Air Flow Ideal Loads Peak,Coil Total Capacity at Ideal Loads Peak [W],Coil Sensible Capacity at Ideal Loads Peak [W],Coil Air Volume Flow Rate at Ideal Loads Peak [m3/s],Coil Entering Air Drybulb at Ideal Loads Peak [C],Coil Entering Air Wetbulb at Ideal Loads Peak [C],Coil Entering Air Humidity Ratio at Ideal Loads Peak [kgWater/kgDryAir],Coil Leaving Air Drybulb at Ideal Loads Peak [C],Coil Leaving Air Wetbulb at Ideal Loads Peak [C],Coil Leaving Air Humidity Ratio at Ideal Loads Peak [kgWater/kgDryAir],Outdoor Air Drybulb at Ideal Loads Peak [C],Outdoor Air Humidity Ratio at Ideal Loads Peak [kgWater/kgDryAir],Outdoor Air Wetbulb at Ideal Loads Peak [C],Outdoor Air Flow Percentage at Ideal Loads Peak [%],Zone Air Drybulb at Ideal Loads Peak [C],Zone Air Humidity Ratio at Ideal Loads Peak [kgWater/kgDryAir],Zone Air Relative Humidity at Ideal Loads Peak [%],Zone Sensible Heat Gain at Ideal Loads Peak [W],Zone Latent Heat Gain at Ideal Loads Peak [W],Coil Total Capacity at Rating Conditions [W],Coil Sensible Capacity at Rating Conditions [W]
,None,,,,,,,,,,,,,,,,,,,,,,,,,,,,,,,,


----------------------------------------------------------------------------------------------------
REPORT:,Coil Sizing Details
FOR:,Entire Facility
Coils

,,Coil Type,Coil Location,HVAC Type,HVAC Name,Zone Name(s),System Sizing Method Concurrence,System Sizing Method Capacity,System Sizing Method Air Flow,Autosized Coil Capacity?,Autosized Coil Airflow?,Autosized Coil Water Flow?,OA Pretreated prior to coil inlet?,Coil Final Gross Total Capacity [W],Coil Final Gross Sensible Capacity [W],Coil Final Reference Air Volume Flow Rate [m3/s],Coil Final Reference Plant Fluid Volume Flow Rate [m3/s],Coil U-value Times Area Value [W/K],Terminal Unit Reheat Coil Multiplier,DX Coil Capacity Increase Ratio from Too Low Flow/Capacity Ratio,DX Coil Capacity Decrease Ratio from Too High Flow/Capacity Ratio,Moist Air Heat Capacity [J/kg-K],Dry Air Heat Capacity [J/kg-K],Standard Air Density Adjusted for Elevation [kg/m3],Supply Fan Name for Coil,Supply Fan Type for Coil,Supply Fan Maximum Air Volume Flow Rate [m3/s],Supply Fan Maximum Air Mass Flow Rate [kg/s],Plant Name for Coil,Plant Fluid Specific Heat Capacity [J/kg-K],Plant Fluid Density [kg/m3],Plant Maximum Fluid Mass Flow Rate [kg/s],Plant Design Fluid Return Temperature [C],Plant Design Fluid Supply Temperature [C],Plant Design Fluid Temperature Difference [deltaC],Plant Design Capacity [W],Coil Capacity Percentage of Plant Design Capacity [%],Coil Fluid Flow Rate Percentage of Plant Design Flow Rate [%],Design Day Name at Sensible Ideal Loads Peak,Date/Time at Sensible Ideal Loads Peak,Design Day Name at Total Ideal Loads Peak,Date/Time at Total Ideal Loads Peak,Design Day Name at Air Flow Ideal Loads Peak,Date/Time at Air Flow Ideal Loads Peak,Peak Load Type to Size On,Coil Total Capacity at Ideal Loads Peak [W],Coil Sensible Capacity at Ideal Loads Peak [W],Coil Off-Rating Capacity Modifier at Ideal Loads Peak [ ],Coil Air Mass Flow Rate at Ideal Loads Peak [kg/s],Coil Air Volume Flow Rate at Ideal Loads Peak [m3/s],Coil Entering Air Drybulb at Ideal Loads Peak [C],Coil Entering Air Wetbulb at Ideal Loads Peak [C],Coil Entering Air Humidity Ratio at Ideal Loads Peak [kgWater/kgDryAir],Coil Entering Air Enthalpy at Ideal Loads Peak [J/KG-K],Coil Leaving Air Drybulb at Ideal Loads Peak [C],Coil Leaving Air Wetbulb at Ideal Loads Peak [C],Coil Leaving Air Humidity Ratio at Ideal Loads Peak [kgWater/kgDryAir],Coil Leaving Air Enthalpy at Ideal Loads Peak [J/KG-K],Coil Plant Fluid Mass Flow Rate at Ideal Loads Peak [kg/s],Coil Entering Plant Fluid Temperature at Ideal Loads Peak [C],Coil Leaving Plant Fluid Temperature at Ideal Loads Peak [C],Coil Plant Fluid Temperature Difference at Ideal Loads Peak [deltaC],Supply Fan Air Heat Gain at Ideal Loads Peak [W],Coil and Fan Net Total Capacity at Ideal Loads Peak [W],Outdoor Air Drybulb at Ideal Loads Peak [C],Outdoor Air Humidity Ratio at Ideal Loads Peak [kgWater/kgDryAir],Outdoor Air Wetbulb at Ideal Loads Peak [C],Outdoor Air Volume Flow Rate at Ideal Loads Peak [m3/s],Outdoor Air Flow Percentage at Ideal Loads Peak [%],System Return Air Drybulb at Ideal Loads Peak [C],System Return Air Humidity Ratio at Ideal Loads Peak [kgWater/kgDryAir],Zone Air Drybulb at Ideal Loads Peak [C],Zone Air Humidity Ratio at Ideal Loads Peak [kgWater/kgDryAir],Zone Air Relative Humidity at Ideal Loads Peak [%],Zone Sensible Heat Gain at Ideal Loads Peak [W],Zone Latent Heat Gain at Ideal Loads Peak [W],Coil Total Capacity at Rating Conditions [W],Coil Sensible Capacity at Rating Conditions [W],Coil Air Mass Flow Rate at Rating Conditions [kg/s],Coil Entering Air Drybulb at Rating Conditions [C],Coil Entering Air Wetbulb at Rating Conditions [C],Coil Entering Air Humidity Ratio at Rating Conditions [kgWater/kgDryAir],Coil Entering Air Enthalpy at Rating Conditions [J/KG-K],Coil Leaving Air Drybulb at Rating Conditions [C],Coil Leaving Air Wetbulb at Rating Conditions [C],Coil Leaving Air Humidity Ratio at Rating Conditions [kgWater/kgDryAir],Coil Leaving Air Enthalpy at Rating Conditions [J/KG-K]
,None,,,,,,,,,,,,,,,,,,,,,,,,,,,,,,,,,,,,,,,,,,,,,,,,,,,,,,,,,,,,,,,,,,,,,,,,,,,,,,,,,,,,,,


----------------------------------------------------------------------------------------------------
REPORT:,System Summary
FOR:,Entire Facility
Economizer

,,High Limit Shutoff Control,Minimum Outdoor Air [m3/s],Maximum Outdoor Air [m3/s],Return Air Temp Limit,Return Air Enthalpy Limit,Outdoor Air Temperature Limit [C],Outdoor Air Enthalpy Limit [C]
,None,,,,,,,


Demand Controlled Ventilation using Controller:MechanicalVentilation

,,Controller:MechanicalVentilation Name,Outdoor Air Per Person [m3/s-person],Outdoor Air Per Area [m3/s-m2],Outdoor Air Per Zone [m3/s],Outdoor Air ACH [ach],Outdoor Air Method,Outdoor Air Schedule Name,Air Distribution Effectiveness in Cooling Mode,Air Distribution Effectiveness in Heating Mode,Air Distribution Effectiveness Schedule Name
,None,,,,,,,,,,


Time Not Comfortable Based on Simple ASHRAE 55-2004

,,Winter Clothes [hr],Summer Clothes [hr],Summer or Winter Clothes [hr]
,OFFICESHOEBOX_BDC533DE,12.00,12.00,12.00
,Facility,12.00,12.00,12.00
Aggregated over the RunPeriods for Weather


Time Setpoint Not Met

,,During Heating [hr],During Cooling [hr],During Occupied Heating [hr],During Occupied Cooling [hr]
,OFFICESHOEBOX_BDC533DE,0.00,0.00,0.00,0.00
,Facility,0.00,0.00,0.00,0.00
Aggregated over the RunPeriods for Weather


----------------------------------------------------------------------------------------------------
REPORT:,Outdoor Air Summary
FOR:,Entire Facility
Average Outdoor Air During Occupied Hours

,,Average Number of Occupants,Nominal Number of Occupants,Zone Volume [m3],Mechanical Ventilation [ach],Infiltration [ach],AFN Infiltration [ach],Simple Ventilation [ach]
,OFFICESHOEBOX_BDC533DE,2.11,2.83,150.00,0.000,0.430,0.000,0.000
Values shown for a single zone without multipliers


Minimum Outdoor Air During Occupied Hours

,,Average Number of Occupants,Nominal Number of Occupants,Zone Volume [m3],Mechanical Ventilation [ach],Infiltration [ach],AFN Infiltration [ach],Simple Ventilation [ach]
,OFFICESHOEBOX_BDC533DE,2.11,2.83,150.00,0.000,0.071,0.000,0.000
Values shown for a single zone without multipliers


----------------------------------------------------------------------------------------------------
REPORT:,Outdoor Air Details
FOR:,Entire Facility
Mechanical Ventilation Parameters by Zone

,,AirLoop Name,Average Number of Occupants,Nominal Number of Occupants,Zone Volume [m3],Zone Area [m2],Design Zone Outdoor Airflow - Voz [m3/s],Minimum Dynamic Target Ventilation - Voz-dyn-min [m3/s]
,OFFICESHOEBOX_BDC533DE,,2.11,2.83,150.00,50.00,,0.000
,Total Facility,,2.11,2.83,150.00,50.00,0.0000,0.000


Total Outdoor Air by Zone

,,Mechanical Ventilation [m3],Natural Ventilation [m3],Total Ventilation [m3],Infiltration [m3],Total Ventilation and Infiltration [m3],Dynamic Target Ventilation - Voz-dyn [m3],Time Below Voz-dyn [hr],Time At Voz-dyn [hr],Time Above Voz-dyn [hr],Time Above Zero When Unoccupied [hr]
,OFFICESHOEBOX_BDC533DE,0.00,0.00,0.00,1578.60,1578.60,0.00,0.00,0.00,0.00,0.00
,Total Facility,0.00,0.00,0.00,1578.60,1578.60,0.00,0.00,0.00,0.00,0.00


Average Outdoor Air During Occupancy by Zone - Flow Rates

,,Mechanical Ventilation [m3/s],Natural Ventilation [m3/s],Total Ventilation [m3/s],Infiltration [m3/s],Total Ventilation and Infiltration [m3/s],Dynamic Target Ventilation - Voz-dyn [m3/s],Time Below Voz-dyn [hr],Time At Voz-dyn [hr],Time Above Voz-dyn [hr]
,OFFICESHOEBOX_BDC533DE,0.0000,0.0000,0.0000,0.0182,0.0182,0.0000,0.00,0.00,0.00
,Total Facility,0.0000,0.0000,0.0000,0.0182,0.0182,0.0000,0.00,0.00,0.00


Total Outdoor Air by AirLoop

,,Mechanical Ventilation [m3],Natural Ventilation [m3/s],Total Ventilation [m3/s],Sum Zone Dynamic Target Ventilation - Voz-sum-dyn [m3],Time Below Voz-sum-dyn [hr],Time At Voz-sum-dyn [hr],Time Above Voz-sum-dyn [hr],Time Above Zero When Unoccupied [hr]
,None,,,,,,,,


Average Outdoor Air During Occupancy by AirLoop

,,Mechanical Ventilation [m3/s],Natural Ventilation [m3/s],Total Ventilation [m3/s],Sum Zone Dynamic Target Ventilation - Voz-sum-dyn [m3/s],Time Below Voz-sum-dyn [hr],Time At Voz-sum-dyn [hr],Time Above Voz-sum-dyn [hr]
,None,,,,,,,


Outdoor Air Controller Limiting Factors by AirLoop

,,No Limiting Factor [hr],Limits and Scheduled Limits [hr],Economizer [hr],Exhaust Flow [hr],Mixed Air Flow [hr],High Humidity [hr],Demand Controlled Ventilation [hr],Night Ventilation [hr],Demand Limiting [hr],Energy Management System [hr]
,None,,,,,,,,,,


Average Outdoor Air for Limiting Factors During Occupancy

,,No Limiting Factor [m3/s],Limits and Scheduled Limits [m3/s],Economizer [m3/s],Exhaust Flow [m3/s],Mixed Air Flow [m3/s],High Humidity [m3/s],Demand Controlled Ventilation [m3/s],Night Ventilation [m3/s],Demand Limiting [m3/s],Energy Management System [m3/s]
,None,,,,,,,,,,


----------------------------------------------------------------------------------------------------
REPORT:,Object Count Summary
FOR:,Entire Facility
Surfaces by Class

,,Total,Outdoors
,Wall,4,2
,Floor,1,0
,Roof,1,0
,Internal Mass,0,0
,Building Detached Shading,0,0
,Fixed Detached Shading,0,0
,Window,2,2
,Door,0,0
,Glass Door,0,0
,Shading,0,0
,Overhang,0,0
,Fin,0,0
,Tubular Daylighting Device Dome,0,0
,Tubular Daylighting Device Diffuser,0,0


HVAC

,,Count
,HVAC Air Loops,0
,Conditioned Zones,1
,Unconditioned Zones,0
,Supply Plenums,0
,Return Plenums,0


Input Fields

,,Count
,IDF Objects,210
,Defaulted Fields,79
,Fields with Defaults,481
,Autosized Fields,5
,Autosizable Fields,6
,Autocalculated Fields,18
,Autocalculatable Fields,20


----------------------------------------------------------------------------------------------------
REPORT:,Energy Meters
FOR:,Entire Facility
Annual and Peak Values - Electricity

,,Electricity Annual Value [GJ],Electricity Minimum Value [W],Timestamp of Minimum {TIMESTAMP},Electricity Maximum Value [W],Timestamp of Maximum {TIMESTAMP}
,Electricity:Facility,0.01,121.80,01-JAN-08:30,141.01,01-JAN-00:10
,Electricity:Building,0.01,121.80,01-JAN-08:30,141.01,01-JAN-00:10
,Electricity:Zone:OFFICESHOEBOX_BDC533DE,0.01,121.80,01-JAN-08:30,141.01,01-JAN-00:10
,Electricity:SpaceType:GENERAL,0.01,121.80,01-JAN-08:30,141.01,01-JAN-00:10
,InteriorLights:Electricity,0.00,7.16,01-JAN-08:30,26.37,01-JAN-00:10
,InteriorLights:Electricity:Zone:OFFICESHOEBOX_BDC533DE,0.00,7.16,01-JAN-08:30,26.37,01-JAN-00:10
,InteriorLights:Electricity:SpaceType:GENERAL,0.00,7.16,01-JAN-08:30,26.37,01-JAN-00:10
,General:InteriorLights:Electricity,0.00,7.16,01-JAN-08:30,26.37,01-JAN-00:10
,General:InteriorLights:Electricity:Zone:OFFICESHOEBOX_BDC533DE,0.00,7.16,01-JAN-08:30,26.37,01-JAN-00:10
,General:InteriorLights:Electricity:SpaceType:GENERAL,0.00,7.16,01-JAN-08:30,26.37,01-JAN-00:10
,InteriorEquipment:Electricity,0.01,114.64,01-JAN-00:10,114.64,01-JAN-00:10
,InteriorEquipment:Electricity:Zone:OFFICESHOEBOX_BDC533DE,0.01,114.64,01-JAN-00:10,114.64,01-JAN-00:10
,InteriorEquipment:Electricity:SpaceType:GENERAL,0.01,114.64,01-JAN-00:10,114.64,01-JAN-00:10
,Electric Equipment:InteriorEquipment:Electricity,0.01,114.64,01-JAN-00:10,114.64,01-JAN-00:10
,Electric Equipment:InteriorEquipment:Electricity:Zone:OFFICESHOEBOX_BDC533DE,0.01,114.64,01-JAN-00:10,114.64,01-JAN-00:10
,Electric Equipment:InteriorEquipment:Electricity:SpaceType:GENERAL,0.01,114.64,01-JAN-00:10,114.64,01-JAN-00:10
,ElectricityPurchased:Facility,0.01,121.80,01-JAN-08:30,141.01,01-JAN-00:10
,ElectricityPurchased:Plant,0.01,121.80,01-JAN-08:30,141.01,01-JAN-00:10
,Cogeneration:ElectricityPurchased,0.01,121.80,01-JAN-08:30,141.01,01-JAN-00:10
,General:Cogeneration:ElectricityPurchased,0.01,121.80,01-JAN-08:30,141.01,01-JAN-00:10
,ElectricitySurplusSold:Facility,0.00,0.00,01-JAN-00:10,0.00,01-JAN-00:10
,ElectricitySurplusSold:Plant,0.00,0.00,01-JAN-00:10,0.00,01-JAN-00:10
,Cogeneration:ElectricitySurplusSold,0.00,0.00,01-JAN-00:10,0.00,01-JAN-00:10
,General:Cogeneration:ElectricitySurplusSold,0.00,0.00,01-JAN-00:10,0.00,01-JAN-00:10
,ElectricityNet:Facility,0.01,121.80,01-JAN-08:30,141.01,01-JAN-00:10
,ElectricityNet:Plant,0.01,121.80,01-JAN-08:30,141.01,01-JAN-00:10
,Cogeneration:ElectricityNet,0.01,121.80,01-JAN-08:30,141.01,01-JAN-00:10
,General:Cogeneration:ElectricityNet,0.01,121.80,01-JAN-08:30,141.01,01-JAN-00:10


Annual and Peak Values - Natural Gas

,,Natural Gas Annual Value [GJ],Natural Gas Minimum Value [W],Timestamp of Minimum {TIMESTAMP},Natural Gas Maximum Value [W],Timestamp of Maximum {TIMESTAMP}
,None,,,,,


Annual and Peak Values - Cooling

,,Cooling Annual Value [GJ],Cooling Minimum Value [W],Timestamp of Minimum {TIMESTAMP},Cooling Maximum Value [W],Timestamp of Maximum {TIMESTAMP}
,DistrictCooling:Facility,0.00,0.00,01-JAN-00:10,0.00,01-JAN-00:10
,DistrictCooling:HVAC,0.00,0.00,01-JAN-00:10,0.00,01-JAN-00:10
,Cooling:DistrictCooling,0.00,0.00,01-JAN-00:10,0.00,01-JAN-00:10
,General:Cooling:DistrictCooling,0.00,0.00,01-JAN-00:10,0.00,01-JAN-00:10


Annual and Peak Values - Water

,,Annual Value [m3],Minimum Value [m3/s],Timestamp of Minimum {TIMESTAMP},Maximum Value [m3/s],Timestamp of Maximum {TIMESTAMP}
,None,,,,,


Annual and Peak Values - Other by Weight/Mass

,,Annual Value [kg],Minimum Value [kg/s],Timestamp of Minimum {TIMESTAMP},Maximum Value [kg/s],Timestamp of Maximum {TIMESTAMP}
,Carbon Equivalent:Facility,0.00,0.000,01-JAN-00:10,0.000,01-JAN-00:10
,CarbonEquivalentEmissions:Carbon Equivalent,0.00,0.000,01-JAN-00:10,0.000,01-JAN-00:10


Annual and Peak Values - Other Volumetric

,,Annual Value [m3],Minimum Value [m3/s],Timestamp of Minimum {TIMESTAMP},Maximum Value [m3/s],Timestamp of Maximum {TIMESTAMP}
,None,,,,,


Annual and Peak Values - Other Liquid/Gas

,,Annual Value [L],Minimum Value [L],Timestamp of Minimum {TIMESTAMP},Maximum Value [L],Timestamp of Maximum {TIMESTAMP}
,None,,,,,


Annual and Peak Values - Other

,,Annual Value [GJ],Minimum Value [W],Timestamp of Minimum {TIMESTAMP},Maximum Value [W],Timestamp of Maximum {TIMESTAMP}
,EnergyTransfer:Facility,0.05,22.36,01-JAN-11:50,1063.19,01-JAN-07:00
,EnergyTransfer:Building,0.05,22.36,01-JAN-11:50,1063.19,01-JAN-07:00
,EnergyTransfer:Zone:OFFICESHOEBOX_BDC533DE,0.05,22.36,01-JAN-11:50,1063.19,01-JAN-07:00
,Heating:EnergyTransfer,0.05,22.36,01-JAN-11:50,1063.19,01-JAN-07:00
,Heating:EnergyTransfer:Zone:OFFICESHOEBOX_BDC533DE,0.05,22.36,01-JAN-11:50,1063.19,01-JAN-07:00
,General:Heating:EnergyTransfer,0.05,22.36,01-JAN-11:50,1063.19,01-JAN-07:00
,General:Heating:EnergyTransfer:Zone:OFFICESHOEBOX_BDC533DE,0.05,22.36,01-JAN-11:50,1063.19,01-JAN-07:00
,Cooling:EnergyTransfer,0.00,0.00,01-JAN-00:10,0.00,01-JAN-00:10
,Cooling:EnergyTransfer:Zone:OFFICESHOEBOX_BDC533DE,0.00,0.00,01-JAN-00:10,0.00,01-JAN-00:10
,General:Cooling:EnergyTransfer,0.00,0.00,01-JAN-00:10,0.00,01-JAN-00:10
,General:Cooling:EnergyTransfer:Zone:OFFICESHOEBOX_BDC533DE,0.00,0.00,01-JAN-00:10,0.00,01-JAN-00:10
,DistrictHeating:Facility,0.05,22.36,01-JAN-11:50,1063.19,01-JAN-07:00
,DistrictHeating:HVAC,0.05,22.36,01-JAN-11:50,1063.19,01-JAN-07:00
,Heating:DistrictHeating,0.05,22.36,01-JAN-11:50,1063.19,01-JAN-07:00
,General:Heating:DistrictHeating,0.05,22.36,01-JAN-11:50,1063.19,01-JAN-07:00


----------------------------------------------------------------------------------------------------
REPORT:,Sensible Heat Gain Summary
FOR:,Entire Facility
Annual Building Sensible Heat Gain Components

,,HVAC Zone Eq & Other Sensible Air Heating [GJ],HVAC Zone Eq & Other Sensible Air Cooling [GJ],HVAC Terminal Unit Sensible Air Heating [GJ],HVAC Terminal Unit Sensible Air Cooling [GJ],HVAC Input Heated Surface Heating [GJ],HVAC Input Cooled Surface Cooling [GJ],People Sensible Heat Addition [GJ],Lights Sensible Heat Addition [GJ],Equipment Sensible Heat Addition [GJ],Window Heat Addition [GJ],Interzone Air Transfer Heat Addition [GJ],Infiltration Heat Addition [GJ],Opaque Surface Conduction and Other Heat Addition [GJ],Equipment Sensible Heat Removal [GJ],Window Heat Removal [GJ],Interzone Air Transfer Heat Removal [GJ],Infiltration Heat Removal [GJ],Opaque Surface Conduction and Other Heat Removal [GJ]
,OFFICESHOEBOX_BDC533DE,0.050,0.000,0.000,0.000,0.000,0.000,0.001,0.002,0.010,0.017,0.000,0.000,0.000,0.000,-0.031,0.000,-0.039,-0.008
,Total Facility,0.050,0.000,0.000,0.000,0.000,0.000,0.001,0.002,0.010,0.017,0.000,0.000,0.000,0.000,-0.031,0.000,-0.039,-0.008


Peak Cooling Sensible Heat Gain Components

,,Time of Peak {TIMESTAMP},HVAC Zone Eq & Other Sensible Air Heating [W],HVAC Zone Eq & Other Sensible Air Cooling [W],HVAC Terminal Unit Sensible Air Heating [W],HVAC Terminal Unit Sensible Air Cooling [W],HVAC Input Heated Surface Heating [W],HVAC Input Cooled Surface Cooling [W],People Sensible Heat Addition [W],Lights Sensible Heat Addition [W],Equipment Sensible Heat Addition [W],Window Heat Addition [W],Interzone Air Transfer Heat Addition [W],Infiltration Heat Addition [W],Opaque Surface Conduction and Other Heat Addition [W],Equipment Sensible Heat Removal [W],Window Heat Removal [W],Interzone Air Transfer Heat Removal [W],Infiltration Heat Removal [W],Opaque Surface Conduction and Other Heat Removal [W]
,OFFICESHOEBOX_BDC533DE,-,0.00,0.00,0.00,0.00,0.00,0.00,0.00,0.00,0.00,0.00,0.00,0.00,0.00,0.00,0.00,0.00,0.00,0.00
,Total Facility,-,0.00,0.00,0.00,0.00,0.00,0.00,0.00,0.00,0.00,0.00,0.00,0.00,0.00,0.00,0.00,0.00,0.00,0.00


Peak Heating Sensible Heat Gain Components

,,Time of Peak {TIMESTAMP},HVAC Zone Eq & Other Sensible Air Heating [W],HVAC Zone Eq & Other Sensible Air Cooling [W],HVAC Terminal Unit Sensible Air Heating [W],HVAC Terminal Unit Sensible Air Cooling [W],HVAC Input Heated Surface Heating [W],HVAC Input Cooled Surface Cooling [W],People Sensible Heat Addition [W],Lights Sensible Heat Addition [W],Equipment Sensible Heat Addition [W],Window Heat Addition [W],Interzone Air Transfer Heat Addition [W],Infiltration Heat Addition [W],Opaque Surface Conduction and Other Heat Addition [W],Equipment Sensible Heat Removal [W],Window Heat Removal [W],Interzone Air Transfer Heat Removal [W],Infiltration Heat Removal [W],Opaque Surface Conduction and Other Heat Removal [W]
,OFFICESHOEBOX_BDC533DE,01-JAN-07:00,1063.19,0.00,0.00,0.00,0.00,0.00,14.33,23.88,114.64,0.00,0.00,0.00,6.07,0.00,-642.54,0.00,-579.56,0.00
,Total Facility,01-JAN-07:00,1063.19,0.00,0.00,0.00,0.00,0.00,14.33,23.88,114.64,0.00,0.00,0.00,6.07,0.00,-642.54,0.00,-579.56,0.00


----------------------------------------------------------------------------------------------------
REPORT:,Standard 62.1 Summary
FOR:,Entire Facility
System Ventilation Requirements for Cooling

,,Sum of Zone Primary Air Flow - Vpz-sum [m3/s],System Population - Ps,Sum of Zone Population - Pz-sum,Occupant Diversity - D,Origin of D,Uncorrected Outdoor Air Intake Airflow - Vou [m3/s],System Primary Airflow - Vps [m3/s],Average Outdoor Air Fraction - Xs,System Ventilation Efficiency - Ev,Calculation Method for Ev,Outdoor Air Intake Flow - Vot [m3/s],Percent Outdoor Air - %OA,Environment Name of Peak System Population - Ps,Date and Time of Last Peak System Population - Ps
,None,,,,,,,,,,,,,,


System Ventilation Requirements for Heating

,,Sum of Zone Primary Air Flow - Vpz-sum [m3/s],System Population - Ps,Sum of Zone Population - Pz-sum,Occupant Diversity - D,Origin of D,Uncorrected Outdoor Air Intake Airflow - Vou [m3/s],System Primary Airflow - Vps [m3/s],Average Outdoor Air Fraction - Xs,System Ventilation Efficiency - Ev,Calculation Method for Ev,Outdoor Air Intake Flow Vot [m3/s],Percent Outdoor Air - %OA,Environment Name of Peak System Population - Ps,Date and Time of Last Peak System Population - Ps
,None,,,,,,,,,,,,,,


Zone Ventilation Parameters

,,AirLoop Name,People Outdoor Air Rate - Rp [m3/s-person],Zone Population - Pz,Area Outdoor Air Rate - Ra [m3/s-m2],Zone Floor Area - Az [m2],Breathing Zone Outdoor Airflow - Vbz [m3/s],Cooling Zone Air Distribution Effectiveness - Ez-clg,Cooling Zone Outdoor Airflow - Voz-clg [m3/s],Heating Zone Air Distribution Effectiveness - Ez-htg,Heating Zone Outdoor Airflow - Voz-htg [m3/s]
,None,,,,,,,,,,


System Ventilation Parameters

,,People Outdoor Air Rate - Rp [m3/s-person],Sum of Zone Population - Pz-sum,Area Outdoor Air Rate - Ra [m3/s-m2],Sum of Zone Floor Area - Az-sum [m2],Breathing Zone Outdoor Airflow - Vbz [m3/s],Cooling Zone Outdoor Airflow - Voz-clg [m3/s],Heating Zone Outdoor Airflow - Voz-htg [m3/s]
,None,,,,,,,


Zone Ventilation Calculations for Cooling Design

,,AirLoop Name,Box Type,Zone Primary Airflow - Vpz [m3/s],Zone Discharge Airflow - Vdz [m3/s],Minimum Zone Primary Airflow - Vpz-min [m3/s],Is Vpz-min calculated using the Standard 62.1 Simplified Procedure?,Zone Outdoor Airflow Cooling - Voz-clg [m3/s],Primary Outdoor Air Fraction - Zpz,Primary Air Fraction - Ep,Secondary Recirculation Fraction- Er,Supply Air Fraction- Fa,Mixed Air Fraction - Fb,Outdoor Air Fraction - Fc,Zone Ventilation Efficiency - Evz
,None,,,,,,,,,,,,,,


System Ventilation Calculations for Cooling Design

,,Sum of Zone Primary Airflow - Vpz-sum [m3/s],System Primary Airflow - Vps [m3/s],Sum of Zone Discharge Airflow - Vdz-sum [m3/s],Sum of Min Zone Primary Airflow - Vpz-min [m3/s],Zone Outdoor Airflow Cooling - Voz-clg [m3/s],Zone Ventilation Efficiency - Evz-min
,None,,,,,,


Zone Ventilation Calculations for Heating Design

,,AirLoop Name,Box Type,Zone Primary Airflow - Vpz [m3/s],Zone Discharge Airflow - Vdz [m3/s],Minimum Zone Primary Airflow - Vpz-min [m3/s],Is Vpz-min calculated using the Standard 62.1 Simplified Procedure?,Zone Outdoor Airflow Heating - Voz-htg [m3/s],Primary Outdoor Air Fraction - Zpz,Primary Air Fraction - Ep,Secondary Recirculation Fraction- Er,Supply Air Fraction- Fa,Mixed Air Fraction - Fb,Outdoor Air Fraction - Fc,Zone Ventilation Efficiency - Evz
,None,,,,,,,,,,,,,,


System Ventilation Calculations for Heating Design

,,Sum of Zone Primary Airflow - Vpz-sum [m3/s],System Primary Airflow - Vps [m3/s],Sum of Zone Discharge Airflow - Vdz-sum [m3/s],Sum of Min Zone Primary Airflow - Vpz-min [m3/s],Zone Outdoor Airflow Heating - Voz-htg [m3/s],Zone Ventilation Efficiency - Evz-min
,None,,,,,,


----------------------------------------------------------------------------------------------------
REPORT:,LEED Summary
FOR:,Entire Facility
Sec1.1A-General Information

,,Data
,Cooling Degree Days,1743
,Heating Degree Days,3430
,HDD and CDD data source,Weather File Stat
,Climate Zone,5A
,Weather File,RUN PERIOD 1 ** Chicago Ohare Intl Ap IL USA TMY3 WMO#=725300
,Total gross floor area [m2],50.00
,Principal Heating Source,District Heat


EAp2-1. Space Usage Type

,,Space Area [m2],Regularly Occupied Area [m2],Unconditioned Area [m2],Typical Hours/Week in Operation [hr/wk]
,OFFICESHOEBOX_BDC533DE,50.00,50.00,0.00,84.00
,Totals,50.00,50.00,0.00,


EAp2-2. Advisory Messages

,,Data
,Number of hours heating loads not met,0.00
,Number of hours cooling loads not met,0.00
,Number of hours not met,0.00


EAp2-3. Energy Type Summary

,,Utility Rate,Virtual Rate [$/unit energy],Units of Energy,Units of Demand
,None,,,,


EAp2-4/5. Performance Rating Method Compliance

,,Electricity Energy Use [GJ],Electricity Demand [W],Natural Gas Energy Use [GJ],Natural Gas Demand [W],Gasoline Use [GJ],Gasoline Demand [W],Diesel Use [GJ],Diesel Demand [W],Coal Use [GJ],Coal Demand [W],Fuel Oil No 1 Use [GJ],Fuel Oil No 1 Demand [W],Fuel Oil No 2 Use [GJ],Fuel Oil No 2 Demand [W],Propane Use [GJ],Propane Demand [W],Other Fuel 1 Use [GJ],Other Fuel 1 Demand [W],Other Fuel 2 Use [GJ],Other Fuel 2 Demand [W],District Cooling Use [GJ],District Cooling Demand [W],District Heating Use [GJ],District Heating Demand [W]
,Heating -- General,0.00,0.00,0.00,0.00,0.00,0.00,0.00,0.00,0.00,0.00,0.00,0.00,0.00,0.00,0.00,0.00,0.00,0.00,0.00,0.00,0.00,0.00,0.05,1063.19
,Cooling -- General,0.00,0.00,0.00,0.00,0.00,0.00,0.00,0.00,0.00,0.00,0.00,0.00,0.00,0.00,0.00,0.00,0.00,0.00,0.00,0.00,0.00,0.00,0.00,0.00
,Interior Lighting -- General,0.00,26.37,0.00,0.00,0.00,0.00,0.00,0.00,0.00,0.00,0.00,0.00,0.00,0.00,0.00,0.00,0.00,0.00,0.00,0.00,0.00,0.00,0.00,0.00
,Exterior Lighting -- Not Subdivided,0.00,0.00,0.00,0.00,0.00,0.00,0.00,0.00,0.00,0.00,0.00,0.00,0.00,0.00,0.00,0.00,0.00,0.00,0.00,0.00,0.00,0.00,0.00,0.00
,Interior Equipment -- Electric Equipment,0.01,114.64,0.00,0.00,0.00,0.00,0.00,0.00,0.00,0.00,0.00,0.00,0.00,0.00,0.00,0.00,0.00,0.00,0.00,0.00,0.00,0.00,0.00,0.00
,Exterior Equipment -- Not Subdivided,0.00,0.00,0.00,0.00,0.00,0.00,0.00,0.00,0.00,0.00,0.00,0.00,0.00,0.00,0.00,0.00,0.00,0.00,0.00,0.00,0.00,0.00,0.00,0.00
,Fans -- Not Subdivided,0.00,0.00,0.00,0.00,0.00,0.00,0.00,0.00,0.00,0.00,0.00,0.00,0.00,0.00,0.00,0.00,0.00,0.00,0.00,0.00,0.00,0.00,0.00,0.00
,Pumps -- Not Subdivided,0.00,0.00,0.00,0.00,0.00,0.00,0.00,0.00,0.00,0.00,0.00,0.00,0.00,0.00,0.00,0.00,0.00,0.00,0.00,0.00,0.00,0.00,0.00,0.00
,Heat Rejection -- Not Subdivided,0.00,0.00,0.00,0.00,0.00,0.00,0.00,0.00,0.00,0.00,0.00,0.00,0.00,0.00,0.00,0.00,0.00,0.00,0.00,0.00,0.00,0.00,0.00,0.00
,Humidification -- Not Subdivided,0.00,0.00,0.00,0.00,0.00,0.00,0.00,0.00,0.00,0.00,0.00,0.00,0.00,0.00,0.00,0.00,0.00,0.00,0.00,0.00,0.00,0.00,0.00,0.00
,Heat Recovery -- Not Subdivided,0.00,0.00,0.00,0.00,0.00,0.00,0.00,0.00,0.00,0.00,0.00,0.00,0.00,0.00,0.00,0.00,0.00,0.00,0.00,0.00,0.00,0.00,0.00,0.00
,Water Systems -- Not Subdivided,0.00,0.00,0.00,0.00,0.00,0.00,0.00,0.00,0.00,0.00,0.00,0.00,0.00,0.00,0.00,0.00,0.00,0.00,0.00,0.00,0.00,0.00,0.00,0.00
,Refrigeration -- Not Subdivided,0.00,0.00,0.00,0.00,0.00,0.00,0.00,0.00,0.00,0.00,0.00,0.00,0.00,0.00,0.00,0.00,0.00,0.00,0.00,0.00,0.00,0.00,0.00,0.00
,Generators -- General,0.00,0.00,0.00,0.00,0.00,0.00,0.00,0.00,0.00,0.00,0.00,0.00,0.00,0.00,0.00,0.00,0.00,0.00,0.00,0.00,0.00,0.00,0.00,0.00


EAp2-6. Energy Use Summary

,,Process Subtotal [GJ],Total Energy Use [GJ]
,Electricity,0.01,0.01
,Natural Gas,0.00,0.00
,Additional,0.00,0.05
,Total,0.01,0.06


EAp2-7. Energy Cost Summary

,,Process Subtotal [$],Total Energy Cost [$]
,Electricity,0.00,
,Natural Gas,0.00,
,Additional,0.00,
,Total,0.00,
Process energy cost based on ratio of process to total energy.


L-1. Renewable Energy Source Summary

,,Rated Capacity [kW],Annual Energy Generated [GJ]
,Photovoltaic,0.00,0.00
,Wind,0.00,0.00


EAp2-17a. Energy Use Intensity - Electricity

,,Electricty [MJ/m2]
,Interior Lighting (All),0.03
,Space Heating,0.00
,Space Cooling,0.00
,Fans (All),0.00
,Service Water Heating,0.00
,Receptacle Equipment,0.20
,Miscellaneous (All),0.23
,Subtotal,0.23


EAp2-17b. Energy Use Intensity - Natural Gas

,,Natural Gas [MJ/m2]
,Space Heating,0.00
,Service Water Heating,0.00
,Miscellaneous (All),0.00
,Subtotal,0.00


EAp2-17c. Energy Use Intensity - Additional

,,Additional [MJ/m2]
,Subtotal,0.00
,Miscellaneous,0.00


EAp2-18. End Use Percentage

,,Percent [%]
,Interior Lighting (All),2.81
,Space Heating,81.10
,Space Cooling,0.00
,Fans (All),0.00
,Service Water Heating,0.00
,Receptacle Equipment,16.09
,Miscellaneous,0.00


Schedules-Equivalent Full Load Hours (Schedule Type=Fraction)

,,Equivalent Full Load Hours of Operation Per Year [hr],Hours > 1% [hr]
,None,,


Schedules-SetPoints (Schedule Type=Temperature)

,,First Object Used,Month Assumed,11am First Wednesday [C],Days with Same 11am Value,11pm First Wednesday [C],Days with Same 11pm Value
,OFFICELARGE HTGSETP_SCH_YES_OPTIMUM,2013::LARGEOFFICE::OPENOFFICE_SETPOINT,January,21.00,365,15.60,365
,OFFICELARGE CLGSETP_SCH_NO_SETBACK,2013::LARGEOFFICE::OPENOFFICE_SETPOINT,July,24.00,365,24.00,365


----------------------------------------------------------------------------------------------------
REPORT:,Annual Thermal Resilience Summary
FOR:,Entire Facility
Heat Index Hours

,,Safe (â¤ 26.7Â°C) [hr],Caution (> 26.7, â¤ 32.2Â°C) [hr],Extreme Caution (> 32.2, â¤ 39.4Â°C) [hr],Danger (> 39.4, â¤ 51.7Â°C) [hr],Extreme Danger (> 51.7Â°C) [hr]
,OFFICESHOEBOX_BDC533DE,24.00,0.00,0.00,0.00,0.00
,Min,24.00,0.00,0.00,0.00,0.00
,Max,24.00,0.00,0.00,0.00,0.00
,Average,24.00,0.00,0.00,0.00,0.00
,Sum,24.00,0.00,0.00,0.00,0.00


Heat Index OccupantHours

,,Safe (â¤ 26.7Â°C) [hr],Caution (> 26.7, â¤ 32.2Â°C) [hr],Extreme Caution (> 32.2, â¤ 39.4Â°C) [hr],Danger (> 39.4, â¤ 51.7Â°C) [hr],Extreme Danger (> 51.7Â°C) [hr]
,OFFICESHOEBOX_BDC533DE,0.00,0.00,0.00,0.00,0.00
,Min,0.00,0.00,0.00,0.00,0.00
,Max,0.00,0.00,0.00,0.00,0.00
,Average,0.00,0.00,0.00,0.00,0.00
,Sum,0.00,0.00,0.00,0.00,0.00


Humidex Hours

,,Little to no Discomfort (â¤ 29) [hr],Some Discomfort (> 29, â¤ 40) [hr],Great Discomfort; Avoid Exertion (> 40, â¤ 45) [hr],Dangerous (> 45, â¤ 50) [hr],Heat Stroke Quite Possible (> 50) [hr]
,OFFICESHOEBOX_BDC533DE,24.00,0.00,0.00,0.00,0.00
,Min,24.00,0.00,0.00,0.00,0.00
,Max,24.00,0.00,0.00,0.00,0.00
,Average,24.00,0.00,0.00,0.00,0.00
,Sum,24.00,0.00,0.00,0.00,0.00


Humidex OccupantHours

,,Little to no Discomfort (â¤ 29) [hr],Some Discomfort (> 29, â¤ 40) [hr],Great Discomfort; Avoid Exertion (> 40, â¤ 45) [hr],Dangerous (> 45, â¤ 50) [hr],Heat Stroke Quite Possible (> 50) [hr]
,OFFICESHOEBOX_BDC533DE,0.00,0.00,0.00,0.00,0.00
,Min,0.00,0.00,0.00,0.00,0.00
,Max,0.00,0.00,0.00,0.00,0.00
,Average,0.00,0.00,0.00,0.00,0.00
,Sum,0.00,0.00,0.00,0.00,0.00


Heating SET Hours

,,SET â¤ 12.2Â°C Hours (Â°C),SET â¤ 12.2Â°C OccupantHours (Â°C),Longest SET â¤ 12.2Â°C Duration [hr],Start Time of the Longest SET â¤ 12.2Â°C Duration
,None,,,,


Cooling SET Hours

,,SET > 30Â°C Hours (Â°C),SET > 30Â°C OccupantHours (Â°C),Longest SET > 30Â°C Duration [hr],Start Time of the Longest SET > 30Â°C Duration
,None,,,,


----------------------------------------------------------------------------------------------------
REPORT:,Annual CO2 Resilience Summary
FOR:,Entire Facility
CO2 Level Hours

,,Safe (<= 1000 ppm) [hr],Caution (> 1000, <= 5000 ppm) [hr],Hazard (> 5000 ppm) [hr]
,None,,,


CO2 Level OccupantHours

,,Safe (<= 1000 ppm) [hr],Caution (> 1000, <= 5000 ppm) [hr],Hazard (> 5000 ppm) [hr]
,None,,,


----------------------------------------------------------------------------------------------------
REPORT:,Annual Visual Resilience Summary
FOR:,Entire Facility
Illuminance Level Hours

,,A Bit Dark (<= 100 lux) [hr],Dim (> 100, <= 300 lux) [hr],Adequate (> 300, <= 500 lux) [hr],Bright (>500 lux) [hr]
,OFFICESHOEBOX_BDC533DE,0.00,24.00,0.00,0.00
,Min,0.00,24.00,0.00,0.00
,Max,0.00,24.00,0.00,0.00
,Average,0.00,24.00,0.00,0.00
,Sum,0.00,24.00,0.00,0.00


Illuminance Level OccupantHours

,,A Bit Dark (<= 100 lux) [hr],Dim (> 100, <= 300 lux) [hr],Adequate (> 300, <= 500 lux) [hr],Bright (>500 lux) [hr]
,OFFICESHOEBOX_BDC533DE,0.00,0.00,0.00,0.00
,Min,0.00,0.00,0.00,0.00
,Max,0.00,0.00,0.00,0.00
,Average,0.00,0.00,0.00,0.00
,Sum,0.00,0.00,0.00,0.00


----------------------------------------------------------------------------------------------------
REPORT:,Life-Cycle Cost Report
FOR:,Entire Facility
Life-Cycle Cost Parameters

,,Value
,Name,LIFE CYCLE COST PARAMETERS
,Discounting Convention,EndOfYear
,Inflation Approach,ConstantDollar
,Real Discount Rate,0.0300
,Nominal Discount Rate,-- N/A --
,Inflation,-- N/A --
,Base Date,January 2011
,Service Date,January 2011
,Length of Study Period in Years,25
,Tax rate,0.0000
,Depreciation Method,None


Use Price Escalation

,,U.S. AVG  COMMERCIAL-ELECTRICITY,U.S. AVG  COMMERCIAL-DISTILLATE OIL,U.S. AVG  COMMERCIAL-RESIDUAL OIL,U.S. AVG  COMMERCIAL-NATURAL GAS,U.S. AVG  COMMERCIAL-COAL
,Resource,Electricity,FuelOilNo1,FuelOilNo2,NaturalGas,Coal
,Start Date,January 2011,January 2011,January 2011,January 2011,January 2011
,1,0.983800,0.971400,0.846900,0.982300,0.997000
,2,0.973000,0.973000,0.825700,0.955700,1.008900
,3,0.963200,0.994200,0.868100,0.927900,1.008900
,4,0.961100,1.016400,0.898800,0.925700,0.994100
,5,0.957100,1.054100,0.928900,0.934600,0.994100
,6,0.955300,1.092800,0.960400,0.941200,1.000000
,7,0.953900,1.126700,0.989700,0.951200,1.003000
,8,0.952100,1.158000,1.007500,0.964500,1.005900
,9,0.954600,1.179200,1.031400,0.985600,1.008900
,10,0.955000,1.196700,1.055400,1.006700,1.011900
,11,0.955300,1.220000,1.086100,1.022200,1.014800
,12,0.956400,1.233300,1.127800,1.041000,1.017800
,13,0.957500,1.256600,1.149700,1.061000,1.020800
,14,0.959600,1.270900,1.162000,1.078700,1.026700
,15,0.961800,1.282600,1.174300,1.094200,1.029700
,16,0.961400,1.298500,1.185200,1.109800,1.035600
,17,0.961800,1.310200,1.194800,1.122000,1.041500
,18,0.961800,1.325000,1.203700,1.130800,1.053400
,19,0.959300,1.326100,1.207100,1.138600,1.056400
,20,0.958900,1.328200,1.211900,1.148600,1.059300
,21,0.960700,1.332400,1.213900,1.161900,1.065300
,22,0.962500,1.335600,1.219400,1.176300,1.071200
,23,0.965000,1.343100,1.227600,1.191800,1.074200
,24,0.970800,1.351000,1.236500,1.211800,1.080100
,25,0.975100,1.356800,1.242000,1.228400,1.083100


Cash Flow for Recurring and Nonrecurring Costs (Without Escalation)

,,DEFAULT COST
,,Nonrecurring
,January 2011,0.00
,January 2012,0.00
,January 2013,0.00
,January 2014,0.00
,January 2015,0.00
,January 2016,0.00
,January 2017,0.00
,January 2018,0.00
,January 2019,0.00
,January 2020,0.00
,January 2021,0.00
,January 2022,0.00
,January 2023,0.00
,January 2024,0.00
,January 2025,0.00
,January 2026,0.00
,January 2027,0.00
,January 2028,0.00
,January 2029,0.00
,January 2030,0.00
,January 2031,0.00
,January 2032,0.00
,January 2033,0.00
,January 2034,0.00
,January 2035,0.00


Energy and Water Cost Cash Flows (Without Escalation)

,,Total
,January 2011,0.00
,January 2012,0.00
,January 2013,0.00
,January 2014,0.00
,January 2015,0.00
,January 2016,0.00
,January 2017,0.00
,January 2018,0.00
,January 2019,0.00
,January 2020,0.00
,January 2021,0.00
,January 2022,0.00
,January 2023,0.00
,January 2024,0.00
,January 2025,0.00
,January 2026,0.00
,January 2027,0.00
,January 2028,0.00
,January 2029,0.00
,January 2030,0.00
,January 2031,0.00
,January 2032,0.00
,January 2033,0.00
,January 2034,0.00
,January 2035,0.00


Energy and Water Cost Cash Flows (With Escalation)

,,Total
,January 2011,0.00
,January 2012,0.00
,January 2013,0.00
,January 2014,0.00
,January 2015,0.00
,January 2016,0.00
,January 2017,0.00
,January 2018,0.00
,January 2019,0.00
,January 2020,0.00
,January 2021,0.00
,January 2022,0.00
,January 2023,0.00
,January 2024,0.00
,January 2025,0.00
,January 2026,0.00
,January 2027,0.00
,January 2028,0.00
,January 2029,0.00
,January 2030,0.00
,January 2031,0.00
,January 2032,0.00
,January 2033,0.00
,January 2034,0.00
,January 2035,0.00


Capital Cash Flow by Category (Without Escalation)

,,Construction,Salvage,OtherCapital,Total
,January 2011,0.00,0.00,0.00,0.00
,January 2012,0.00,0.00,0.00,0.00
,January 2013,0.00,0.00,0.00,0.00
,January 2014,0.00,0.00,0.00,0.00
,January 2015,0.00,0.00,0.00,0.00
,January 2016,0.00,0.00,0.00,0.00
,January 2017,0.00,0.00,0.00,0.00
,January 2018,0.00,0.00,0.00,0.00
,January 2019,0.00,0.00,0.00,0.00
,January 2020,0.00,0.00,0.00,0.00
,January 2021,0.00,0.00,0.00,0.00
,January 2022,0.00,0.00,0.00,0.00
,January 2023,0.00,0.00,0.00,0.00
,January 2024,0.00,0.00,0.00,0.00
,January 2025,0.00,0.00,0.00,0.00
,January 2026,0.00,0.00,0.00,0.00
,January 2027,0.00,0.00,0.00,0.00
,January 2028,0.00,0.00,0.00,0.00
,January 2029,0.00,0.00,0.00,0.00
,January 2030,0.00,0.00,0.00,0.00
,January 2031,0.00,0.00,0.00,0.00
,January 2032,0.00,0.00,0.00,0.00
,January 2033,0.00,0.00,0.00,0.00
,January 2034,0.00,0.00,0.00,0.00
,January 2035,0.00,0.00,0.00,0.00


Operating Cash Flow by Category (Without Escalation)

,,Maintenance,Repair,Operation,Replacement,MinorOverhaul,MajorOverhaul,OtherOperational,Water,Energy,Total
,January 2011,0.00,0.00,0.00,0.00,0.00,0.00,0.00,0.00,0.00,0.00
,January 2012,0.00,0.00,0.00,0.00,0.00,0.00,0.00,0.00,0.00,0.00
,January 2013,0.00,0.00,0.00,0.00,0.00,0.00,0.00,0.00,0.00,0.00
,January 2014,0.00,0.00,0.00,0.00,0.00,0.00,0.00,0.00,0.00,0.00
,January 2015,0.00,0.00,0.00,0.00,0.00,0.00,0.00,0.00,0.00,0.00
,January 2016,0.00,0.00,0.00,0.00,0.00,0.00,0.00,0.00,0.00,0.00
,January 2017,0.00,0.00,0.00,0.00,0.00,0.00,0.00,0.00,0.00,0.00
,January 2018,0.00,0.00,0.00,0.00,0.00,0.00,0.00,0.00,0.00,0.00
,January 2019,0.00,0.00,0.00,0.00,0.00,0.00,0.00,0.00,0.00,0.00
,January 2020,0.00,0.00,0.00,0.00,0.00,0.00,0.00,0.00,0.00,0.00
,January 2021,0.00,0.00,0.00,0.00,0.00,0.00,0.00,0.00,0.00,0.00
,January 2022,0.00,0.00,0.00,0.00,0.00,0.00,0.00,0.00,0.00,0.00
,January 2023,0.00,0.00,0.00,0.00,0.00,0.00,0.00,0.00,0.00,0.00
,January 2024,0.00,0.00,0.00,0.00,0.00,0.00,0.00,0.00,0.00,0.00
,January 2025,0.00,0.00,0.00,0.00,0.00,0.00,0.00,0.00,0.00,0.00
,January 2026,0.00,0.00,0.00,0.00,0.00,0.00,0.00,0.00,0.00,0.00
,January 2027,0.00,0.00,0.00,0.00,0.00,0.00,0.00,0.00,0.00,0.00
,January 2028,0.00,0.00,0.00,0.00,0.00,0.00,0.00,0.00,0.00,0.00
,January 2029,0.00,0.00,0.00,0.00,0.00,0.00,0.00,0.00,0.00,0.00
,January 2030,0.00,0.00,0.00,0.00,0.00,0.00,0.00,0.00,0.00,0.00
,January 2031,0.00,0.00,0.00,0.00,0.00,0.00,0.00,0.00,0.00,0.00
,January 2032,0.00,0.00,0.00,0.00,0.00,0.00,0.00,0.00,0.00,0.00
,January 2033,0.00,0.00,0.00,0.00,0.00,0.00,0.00,0.00,0.00,0.00
,January 2034,0.00,0.00,0.00,0.00,0.00,0.00,0.00,0.00,0.00,0.00
,January 2035,0.00,0.00,0.00,0.00,0.00,0.00,0.00,0.00,0.00,0.00


Operating Cash Flow by Category (With Escalation)

,,Maintenance,Repair,Operation,Replacement,MinorOverhaul,MajorOverhaul,OtherOperational,Water,Energy,Total
,January 2011,0.00,0.00,0.00,0.00,0.00,0.00,0.00,0.00,0.00,0.00
,January 2012,0.00,0.00,0.00,0.00,0.00,0.00,0.00,0.00,0.00,0.00
,January 2013,0.00,0.00,0.00,0.00,0.00,0.00,0.00,0.00,0.00,0.00
,January 2014,0.00,0.00,0.00,0.00,0.00,0.00,0.00,0.00,0.00,0.00
,January 2015,0.00,0.00,0.00,0.00,0.00,0.00,0.00,0.00,0.00,0.00
,January 2016,0.00,0.00,0.00,0.00,0.00,0.00,0.00,0.00,0.00,0.00
,January 2017,0.00,0.00,0.00,0.00,0.00,0.00,0.00,0.00,0.00,0.00
,January 2018,0.00,0.00,0.00,0.00,0.00,0.00,0.00,0.00,0.00,0.00
,January 2019,0.00,0.00,0.00,0.00,0.00,0.00,0.00,0.00,0.00,0.00
,January 2020,0.00,0.00,0.00,0.00,0.00,0.00,0.00,0.00,0.00,0.00
,January 2021,0.00,0.00,0.00,0.00,0.00,0.00,0.00,0.00,0.00,0.00
,January 2022,0.00,0.00,0.00,0.00,0.00,0.00,0.00,0.00,0.00,0.00
,January 2023,0.00,0.00,0.00,0.00,0.00,0.00,0.00,0.00,0.00,0.00
,January 2024,0.00,0.00,0.00,0.00,0.00,0.00,0.00,0.00,0.00,0.00
,January 2025,0.00,0.00,0.00,0.00,0.00,0.00,0.00,0.00,0.00,0.00
,January 2026,0.00,0.00,0.00,0.00,0.00,0.00,0.00,0.00,0.00,0.00
,January 2027,0.00,0.00,0.00,0.00,0.00,0.00,0.00,0.00,0.00,0.00
,January 2028,0.00,0.00,0.00,0.00,0.00,0.00,0.00,0.00,0.00,0.00
,January 2029,0.00,0.00,0.00,0.00,0.00,0.00,0.00,0.00,0.00,0.00
,January 2030,0.00,0.00,0.00,0.00,0.00,0.00,0.00,0.00,0.00,0.00
,January 2031,0.00,0.00,0.00,0.00,0.00,0.00,0.00,0.00,0.00,0.00
,January 2032,0.00,0.00,0.00,0.00,0.00,0.00,0.00,0.00,0.00,0.00
,January 2033,0.00,0.00,0.00,0.00,0.00,0.00,0.00,0.00,0.00,0.00
,January 2034,0.00,0.00,0.00,0.00,0.00,0.00,0.00,0.00,0.00,0.00
,January 2035,0.00,0.00,0.00,0.00,0.00,0.00,0.00,0.00,0.00,0.00


Monthly Total Cash Flow (Without Escalation)

,,January,February,March,April,May,June,July,August,September,October,November,December
,2011,0.00,0.00,0.00,0.00,0.00,0.00,0.00,0.00,0.00,0.00,0.00,0.00
,2012,0.00,0.00,0.00,0.00,0.00,0.00,0.00,0.00,0.00,0.00,0.00,0.00
,2013,0.00,0.00,0.00,0.00,0.00,0.00,0.00,0.00,0.00,0.00,0.00,0.00
,2014,0.00,0.00,0.00,0.00,0.00,0.00,0.00,0.00,0.00,0.00,0.00,0.00
,2015,0.00,0.00,0.00,0.00,0.00,0.00,0.00,0.00,0.00,0.00,0.00,0.00
,2016,0.00,0.00,0.00,0.00,0.00,0.00,0.00,0.00,0.00,0.00,0.00,0.00
,2017,0.00,0.00,0.00,0.00,0.00,0.00,0.00,0.00,0.00,0.00,0.00,0.00
,2018,0.00,0.00,0.00,0.00,0.00,0.00,0.00,0.00,0.00,0.00,0.00,0.00
,2019,0.00,0.00,0.00,0.00,0.00,0.00,0.00,0.00,0.00,0.00,0.00,0.00
,2020,0.00,0.00,0.00,0.00,0.00,0.00,0.00,0.00,0.00,0.00,0.00,0.00
,2021,0.00,0.00,0.00,0.00,0.00,0.00,0.00,0.00,0.00,0.00,0.00,0.00
,2022,0.00,0.00,0.00,0.00,0.00,0.00,0.00,0.00,0.00,0.00,0.00,0.00
,2023,0.00,0.00,0.00,0.00,0.00,0.00,0.00,0.00,0.00,0.00,0.00,0.00
,2024,0.00,0.00,0.00,0.00,0.00,0.00,0.00,0.00,0.00,0.00,0.00,0.00
,2025,0.00,0.00,0.00,0.00,0.00,0.00,0.00,0.00,0.00,0.00,0.00,0.00
,2026,0.00,0.00,0.00,0.00,0.00,0.00,0.00,0.00,0.00,0.00,0.00,0.00
,2027,0.00,0.00,0.00,0.00,0.00,0.00,0.00,0.00,0.00,0.00,0.00,0.00
,2028,0.00,0.00,0.00,0.00,0.00,0.00,0.00,0.00,0.00,0.00,0.00,0.00
,2029,0.00,0.00,0.00,0.00,0.00,0.00,0.00,0.00,0.00,0.00,0.00,0.00
,2030,0.00,0.00,0.00,0.00,0.00,0.00,0.00,0.00,0.00,0.00,0.00,0.00
,2031,0.00,0.00,0.00,0.00,0.00,0.00,0.00,0.00,0.00,0.00,0.00,0.00
,2032,0.00,0.00,0.00,0.00,0.00,0.00,0.00,0.00,0.00,0.00,0.00,0.00
,2033,0.00,0.00,0.00,0.00,0.00,0.00,0.00,0.00,0.00,0.00,0.00,0.00
,2034,0.00,0.00,0.00,0.00,0.00,0.00,0.00,0.00,0.00,0.00,0.00,0.00
,2035,0.00,0.00,0.00,0.00,0.00,0.00,0.00,0.00,0.00,0.00,0.00,0.00


Present Value for Recurring, Nonrecurring and Energy Costs (Before Tax)

,,Category,Kind,Cost,Present Value,Present Value Factor
,DEFAULT COST,Construction,Nonrecurring,0.00,0.00,-
,TOTAL,,,,0.00,


Present Value by Category

,,Present Value
,Maintenance,0.00
,Repair,0.00
,Operation,0.00
,Replacement,0.00
,Minor Overhaul,0.00
,Major Overhaul,0.00
,Other Operational,0.00
,Water,0.00
,Energy,0.00
,Total Operation,0.00
,Construction,0.00
,Salvage,0.00
,Other Capital,0.00
,Total Capital,0.00
,Total Energy,0.00
,Grand Total,0.00


Present Value by Year

,,Total Cost (Without Escalation),Total Cost (With Escalation),Present Value of Costs
,January 2011,0.00,0.00,0.00
,January 2012,0.00,0.00,0.00
,January 2013,0.00,0.00,0.00
,January 2014,0.00,0.00,0.00
,January 2015,0.00,0.00,0.00
,January 2016,0.00,0.00,0.00
,January 2017,0.00,0.00,0.00
,January 2018,0.00,0.00,0.00
,January 2019,0.00,0.00,0.00
,January 2020,0.00,0.00,0.00
,January 2021,0.00,0.00,0.00
,January 2022,0.00,0.00,0.00
,January 2023,0.00,0.00,0.00
,January 2024,0.00,0.00,0.00
,January 2025,0.00,0.00,0.00
,January 2026,0.00,0.00,0.00
,January 2027,0.00,0.00,0.00
,January 2028,0.00,0.00,0.00
,January 2029,0.00,0.00,0.00
,January 2030,0.00,0.00,0.00
,January 2031,0.00,0.00,0.00
,January 2032,0.00,0.00,0.00
,January 2033,0.00,0.00,0.00
,January 2034,0.00,0.00,0.00
,January 2035,0.00,0.00,0.00
,TOTAL,,,0.00


